filename,label
bear\bear_1.jpg,bear
bear\Bear_10.jpg,bear
bear\Bear_10_1.jpg,bear
bear\Bear_10_2.jpg,bear
bear\Bear_11.jpeg,bear
bear\Bear_11_1.jpg,bear
bear\Bear_11_3.jpg,bear
bear\Bear_12.jpeg,bear
bear\Bear_12_1.jpg,bear
bear\Bear_12_2.jpg,bear
bear\Bear_13.jpeg,bear
bear\Bear_13_1.jpg,bear
bear\Bear_13_2.jpg,bear
bear\Bear_13_4.jpg,bear
bear\Bear_14.jpeg,bear
bear\Bear_14_1.jpg,bear
bear\Bear_14_3.jpg,bear
bear\Bear_15.jpeg,bear
bear\Bear_15_1.jpg,bear
bear\Bear_15_2.jpg,bear
bear\Bear_16.jpeg,bear
bear\Bear_16_1.jpg,bear
bear\Bear_16_3.jpg,bear
bear\Bear_17.jpeg,bear
bear\Bear_17_1.jpg,bear
bear\Bear_17_2.jpg,bear
bear\Bear_18.jpeg,bear
bear\Bear_18_1.jpg,bear
bear\Bear_18_2.jpg,bear
bear\Bear_18_4.jpg,bear
bear\Bear_19.jpeg,bear
bear\Bear_19_1.jpg,bear
bear\Bear_19_2.jpg,bear
bear\bear_1_1.jpg,bear
bear\bear_1_2.jpg,bear
bear\bear_1_4.jpg,bear
bear\Bear_2.jpeg,bear
bear\Bear_20.jpeg,bear
bear\Bear_20_1.jpg,bear
bear\Bear_20_2.jpg,bear
bear\Bear_20_4.jpg,bear
bear\Bear_21.jpeg,bear
bear\Bear_21_1.jpg,bear
bear\Bear_21_2.jpg,bear
bear\Bear_22.jpeg,bear
bear\Bear_22_1.jpg,bear
bear\Bear_22_2.jpg,bear
bear\Bear_23.jpeg,bear
bear\Bear_23_1.jpg,bear
bear\Bear_23_2.jpg,bear
bear\Bear_24.jpeg,bear
bear\Bear_24_1.jpg,bear
bear\Bear_24_3.jpg,bear
bear\Bear_25.jpeg,bear
bear\Bear_25_1.jpg,bear
bear\Bear_26.jpeg,bear
bear\Bear_26_1.jpg,bear
bear\Bear_26_3.jpg,bear
bear\Bear_27.jpeg,bear
bear\Bear_27_1.jpg,bear
bear\Bear_27_3.jpg,bear
bear\Bear_28.jpg,bear
bear\Bear_28_1.jpg,bear
bear\Bear_28_2.jpg,bear
bear\Bear_29.jpeg,bear
bear\Bear_29_1.jpg,bear
bear\Bear_29_3.jpg,bear
bear\Bear_2_1.jpg,bear
bear\Bear_2_3.jpg,bear
bear\Bear_3.jpg,bear
bear\Bear_30.jpeg,bear
bear\Bear_30_1.jpg,bear
bear\Bear_30_3.jpg,bear
bear\Bear_31.jpeg,bear
bear\Bear_32.jpeg,bear
bear\Bear_33.jpeg,bear
bear\Bear_34.jpeg,bear
bear\Bear_35.jpeg,bear
bear\Bear_36.jpeg,bear
bear\Bear_3_1.jpg,bear
bear\Bear_3_2.jpg,bear
bear\bear_4.jpg,bear
bear\bear_4_1.jpg,bear
bear\bear_4_2.jpg,bear
bear\bear_4_3.jpg,bear
bear\bear_4_4.jpg,bear
bear\Bear_5.jpeg,bear
bear\Bear_5_1.jpg,bear
bear\Bear_5_3.jpg,bear
bear\Bear_6.jpg,bear
bear\Bear_6_1.jpg,bear
bear\Bear_7.jpeg,bear
bear\Bear_7_1.jpg,bear
bear\Bear_7_3.jpg,bear
bear\bear_8.jpg,bear
bear\bear_8_1.jpg,bear
bear\bear_8_2.jpg,bear
bear\bear_8_4.jpg,bear
bear\Bear_9.jpeg,bear
bear\Bear_9_1.jpg,bear
bear\Bear_9_2.jpg,bear
bear\Bear_9_4.jpg,bear
bear\Image_1.jpg,bear
bear\Image_10.jpg,bear
bear\Image_100.jpg,bear
bear\Image_101.jpg,bear
bear\Image_102.jpg,bear
bear\Image_103.jpg,bear
bear\Image_104.jpeg,bear
bear\Image_105.jpg,bear
bear\Image_106.jpg,bear
bear\Image_107.jpg,bear
bear\Image_108.jpg,bear
bear\Image_109.jpg,bear
bear\Image_11.jpg,bear
bear\Image_110.jpg,bear
bear\Image_111.jpeg,bear
bear\Image_112.jpg,bear
bear\Image_113.jpeg,bear
bear\Image_113.jpg,bear
bear\Image_114.jpg,bear
bear\Image_115.jpg,bear
bear\Image_116.jpg,bear
bear\Image_118.jpg,bear
bear\Image_119.JPG,bear
bear\Image_12.jpeg,bear
bear\Image_120.JPG,bear
bear\Image_121.JPG,bear
bear\Image_122.jpg,bear
bear\Image_124.jpg,bear
bear\Image_126.jpg,bear
bear\Image_127.jpg,bear
bear\Image_128.jpg,bear
bear\Image_129.jpg,bear
bear\Image_13.jpg,bear
bear\Image_130.jpg,bear
bear\Image_131.jpg,bear
bear\Image_132.jpg,bear
bear\Image_133.jpg,bear
bear\Image_134.jpg,bear
bear\Image_135.jpg,bear
bear\Image_137.jpg,bear
bear\Image_138.jpeg,bear
bear\Image_139.jpg,bear
bear\Image_14.jpg,bear
bear\Image_140.jpg,bear
bear\Image_141.jpg,bear
bear\Image_142.jpg,bear
bear\Image_143.jpg,bear
bear\Image_144.jpg,bear
bear\Image_145.jpg,bear
bear\Image_146.jpg,bear
bear\Image_147.jpg,bear
bear\Image_148.jpg,bear
bear\Image_15.jpg,bear
bear\Image_151.jpg,bear
bear\Image_152.jpg,bear
bear\Image_153.jpg,bear
bear\Image_155.jpg,bear
bear\Image_157.jpg,bear
bear\Image_158.jpg,bear
bear\Image_159.jpg,bear
bear\Image_16.jpg,bear
bear\Image_160.jpg,bear
bear\Image_17.jpg,bear
bear\Image_18.jpg,bear
bear\Image_19.jpg,bear
bear\Image_199.jpg,bear
bear\Image_2.jpg,bear
bear\Image_20.jpg,bear
bear\Image_200.jpeg,bear
bear\Image_201.jpeg,bear
bear\Image_202.jpeg,bear
bear\Image_203.jpeg,bear
bear\Image_204.jpeg,bear
bear\Image_205.jpeg,bear
bear\Image_206.jpeg,bear
bear\Image_207.jpeg,bear
bear\Image_208.jpeg,bear
bear\Image_209.jpeg,bear
bear\Image_21.jpg,bear
bear\Image_210.jpeg,bear
bear\Image_22.jpg,bear
bear\Image_23.jpg,bear
bear\Image_24.jpg,bear
bear\Image_25.jpg,bear
bear\Image_26.jpg,bear
bear\Image_27.jpg,bear
bear\Image_28.jpg,bear
bear\Image_29.jpg,bear
bear\Image_3.jpg,bear
bear\Image_30.jpg,bear
bear\Image_31.jpg,bear
bear\Image_32.jpg,bear
bear\Image_33.jpg,bear
bear\Image_34.jpg,bear
bear\Image_35.jpg,bear
bear\Image_36.jpg,bear
bear\Image_37.jpg,bear
bear\Image_38.jpg,bear
bear\Image_39.jpg,bear
bear\Image_4.jpg,bear
bear\Image_40.jpg,bear
bear\Image_41.jpg,bear
bear\Image_42.jpg,bear
bear\Image_43.jpg,bear
bear\Image_44.jpg,bear
bear\Image_45.jpg,bear
bear\Image_46.jpg,bear
bear\Image_47.jpg,bear
bear\Image_48.jpg,bear
bear\Image_49.jpg,bear
bear\Image_5.jpg,bear
bear\Image_50.jpg,bear
bear\Image_51.png,bear
bear\Image_52.jpg,bear
bear\Image_53.jpg,bear
bear\Image_54.jpg,bear
bear\Image_55.jpg,bear
bear\Image_56.jpg,bear
bear\Image_57.jpg,bear
bear\Image_58.jpg,bear
bear\Image_59.jpg,bear
bear\Image_6.jpg,bear
bear\Image_60.jpg,bear
bear\Image_61.jpg,bear
bear\Image_62.jpg,bear
bear\Image_63.jpg,bear
bear\Image_64.jpg,bear
bear\Image_65.jpg,bear
bear\Image_66.jpg,bear
bear\Image_67.jpg,bear
bear\Image_68.jpg,bear
bear\Image_69.jpg,bear
bear\Image_7.jpg,bear
bear\Image_70.jpg,bear
bear\Image_71.jpg,bear
bear\Image_72.png,bear
bear\Image_73.jpg,bear
bear\Image_74.jpg,bear
bear\Image_75.jpg,bear
bear\Image_76.jpg,bear
bear\Image_77.jpg,bear
bear\Image_78.jpg,bear
bear\Image_79.jpeg,bear
bear\Image_8.jpg,bear
bear\Image_80.jpg,bear
bear\Image_81.jpg,bear
bear\Image_82.jpg,bear
bear\Image_83.jpg,bear
bear\Image_84.jpg,bear
bear\Image_85.jpg,bear
bear\Image_86.jpg,bear
bear\Image_87.jpg,bear
bear\Image_88.jpg,bear
bear\Image_89.jpg,bear
bear\Image_9.jpg,bear
bear\Image_90.JPG,bear
bear\Image_91.JPG,bear
bear\Image_92.jpg,bear
bear\Image_93.jpg,bear
bear\Image_94.jpg,bear
bear\Image_95.jpg,bear
bear\Image_96.jpg,bear
bear\Image_97.jpg,bear
bear\Image_98.jpg,bear
bear\Image_99.jpg,bear
bird\Bird_1.jpeg,bird
bird\Bird_10.jpeg,bird
bird\Bird_10_1.jpg,bird
bird\Bird_10_2.jpg,bird
bird\Bird_10_3.jpg,bird
bird\Bird_11.jpeg,bird
bird\Bird_11_1.jpg,bird
bird\Bird_11_2.jpg,bird
bird\Bird_11_3.jpg,bird
bird\Bird_12.jpg,bird
bird\Bird_12_1.jpg,bird
bird\Bird_12_2.jpg,bird
bird\Bird_12_3.jpg,bird
bird\Bird_12_4.jpg,bird
bird\Bird_13.jpeg,bird
bird\Bird_13_1.jpg,bird
bird\Bird_13_2.jpg,bird
bird\Bird_13_3.jpg,bird
bird\Bird_14.jpeg,bird
bird\Bird_14_1.jpg,bird
bird\Bird_14_2.jpg,bird
bird\Bird_14_3.jpg,bird
bird\Bird_14_4.jpg,bird
bird\Bird_15.jpeg,bird
bird\Bird_15_1.jpg,bird
bird\Bird_15_2.jpg,bird
bird\Bird_15_3.jpg,bird
bird\Bird_15_4.jpg,bird
bird\Bird_16.jpeg,bird
bird\Bird_16_1.jpg,bird
bird\Bird_16_2.jpg,bird
bird\Bird_16_3.jpg,bird
bird\Bird_17.jpeg,bird
bird\Bird_17_1.jpg,bird
bird\Bird_17_2.jpg,bird
bird\Bird_17_3.jpg,bird
bird\Bird_18.jpeg,bird
bird\Bird_18_1.jpg,bird
bird\Bird_18_2.jpg,bird
bird\Bird_18_3.jpg,bird
bird\Bird_19.jpeg,bird
bird\Bird_19_1.jpg,bird
bird\Bird_19_2.jpg,bird
bird\Bird_19_3.jpg,bird
bird\Bird_19_4.jpg,bird
bird\Bird_1_1.jpg,bird
bird\Bird_1_2.jpg,bird
bird\Bird_1_4.jpg,bird
bird\Bird_2.jpg,bird
bird\Bird_20.jpg,bird
bird\Bird_20_1.jpg,bird
bird\Bird_20_2.jpg,bird
bird\Bird_20_3.jpg,bird
bird\Bird_20_4.jpg,bird
bird\Bird_21.jpeg,bird
bird\Bird_21_1.jpg,bird
bird\Bird_21_2.jpg,bird
bird\Bird_21_3.jpg,bird
bird\Bird_22.jpg,bird
bird\Bird_22_1.jpg,bird
bird\Bird_22_2.jpg,bird
bird\Bird_22_3.jpg,bird
bird\Bird_22_4.jpg,bird
bird\Bird_23.jpeg,bird
bird\Bird_23_1.jpg,bird
bird\Bird_23_2.jpg,bird
bird\Bird_23_3.jpg,bird
bird\Bird_23_4.jpg,bird
bird\Bird_24.jpeg,bird
bird\Bird_24_1.jpg,bird
bird\Bird_24_2.jpg,bird
bird\Bird_24_3.jpg,bird
bird\Bird_25.jpg,bird
bird\Bird_25_1.jpg,bird
bird\Bird_25_2.jpg,bird
bird\Bird_25_3.jpg,bird
bird\Bird_25_4.jpg,bird
bird\Bird_26.jpeg,bird
bird\Bird_26_1.jpg,bird
bird\Bird_26_2.jpg,bird
bird\Bird_26_3.jpg,bird
bird\Bird_27.jpeg,bird
bird\Bird_27_1.jpg,bird
bird\Bird_27_2.jpg,bird
bird\Bird_27_3.jpg,bird
bird\Bird_27_4.jpg,bird
bird\Bird_28.jpeg,bird
bird\Bird_28_1.jpg,bird
bird\Bird_28_2.jpg,bird
bird\Bird_28_3.jpg,bird
bird\Bird_28_4.jpg,bird
bird\Bird_29.jpeg,bird
bird\Bird_29_1.jpg,bird
bird\Bird_29_2.jpg,bird
bird\Bird_29_3.jpg,bird
bird\Bird_2_1.jpg,bird
bird\Bird_2_2.jpg,bird
bird\Bird_2_4.jpg,bird
bird\Bird_3.jpg,bird
bird\Bird_30.jpeg,bird
bird\Bird_30_1.jpg,bird
bird\Bird_30_2.jpg,bird
bird\Bird_30_3.jpg,bird
bird\Bird_30_4.jpg,bird
bird\Bird_3_1.jpg,bird
bird\Bird_3_2.jpg,bird
bird\Bird_3_3.jpg,bird
bird\Bird_3_4.jpg,bird
bird\Bird_4.jpg,bird
bird\Bird_4_1.jpg,bird
bird\Bird_4_2.jpg,bird
bird\Bird_4_3.jpg,bird
bird\Bird_5.jpeg,bird
bird\Bird_5_1.jpg,bird
bird\Bird_5_2.jpg,bird
bird\Bird_5_3.jpg,bird
bird\Bird_6.jpeg,bird
bird\Bird_6_1.jpg,bird
bird\Bird_6_2.jpg,bird
bird\Bird_6_3.jpg,bird
bird\Bird_7.jpeg,bird
bird\Bird_7_1.jpg,bird
bird\Bird_7_2.jpg,bird
bird\Bird_7_3.jpg,bird
bird\Bird_7_4.jpg,bird
bird\Bird_8.jpeg,bird
bird\Bird_8_1.jpg,bird
bird\Bird_8_2.jpg,bird
bird\Bird_8_3.jpg,bird
bird\Bird_8_4.jpg,bird
bird\Bird_9.jpeg,bird
bird\Bird_9_1.jpg,bird
bird\Bird_9_2.jpg,bird
bird\Bird_9_3.jpg,bird
bird\Bird_9_4.jpg,bird
bird\download (1).jpeg,bird
bird\download (10).jpeg,bird
bird\download (11).jpeg,bird
bird\download (12).jpeg,bird
bird\download (13).jpeg,bird
bird\download (14).jpeg,bird
bird\download (15).jpeg,bird
bird\download (2).jpeg,bird
bird\download (20).jpeg,bird
bird\download (3).jpeg,bird
bird\download (4).jpeg,bird
bird\download (5).jpeg,bird
bird\download (6).jpeg,bird
bird\download (7).jpeg,bird
bird\download (8).jpeg,bird
bird\download (9).jpeg,bird
bird\download.jpeg,bird
bird\images (1).jpeg,bird
bird\images (10).jpeg,bird
bird\images (11).jpeg,bird
bird\images (12).jpeg,bird
bird\images (13).jpeg,bird
bird\images (14).jpeg,bird
bird\images (15).jpeg,bird
bird\images (2).jpeg,bird
bird\images (3).jpeg,bird
bird\images (4).jpeg,bird
bird\images (5).jpeg,bird
bird\images (6).jpeg,bird
bird\images (7).jpeg,bird
bird\images (8).jpeg,bird
bird\images (9).jpeg,bird
bird\images.jpeg,bird
bird\Image_1.jpeg,bird
bird\Image_100.jpeg,bird
bird\Image_101.jpg,bird
bird\Image_103.jpg,bird
bird\Image_104.jpg,bird
bird\Image_105.jpg,bird
bird\Image_107.jpg,bird
bird\Image_108.jpg,bird
bird\Image_109.jpg,bird
bird\Image_11.jpg,bird
bird\Image_110.jpeg,bird
bird\Image_111.jpg,bird
bird\Image_112.jpg,bird
bird\Image_113.jpg,bird
bird\Image_115.jpg,bird
bird\Image_116.jpg,bird
bird\Image_118.jpg,bird
bird\Image_119.jpg,bird
bird\Image_120.jpg,bird
bird\Image_122.webp,bird
bird\Image_123.jpg,bird
bird\Image_13.jpg,bird
bird\Image_14.jpg,bird
bird\Image_15.jpg,bird
bird\Image_16.jpg,bird
bird\Image_17.jpg,bird
bird\Image_2.jpg,bird
bird\Image_23.jpg,bird
bird\Image_24.jpg,bird
bird\Image_25.jpg,bird
bird\Image_27.jpg,bird
bird\Image_29.jpeg,bird
bird\Image_30.jpg,bird
bird\Image_31.jpg,bird
bird\Image_32.jpg,bird
bird\Image_33.jpg,bird
bird\Image_34.jpg,bird
bird\Image_35.jpg,bird
bird\Image_36.jpg,bird
bird\Image_37.jpg,bird
bird\Image_38.jpg,bird
bird\Image_39.jpg,bird
bird\Image_4.jpg,bird
bird\Image_40.jpg,bird
bird\Image_41.jpg,bird
bird\Image_42.jpg,bird
bird\Image_43.jpg,bird
bird\Image_44.jpg,bird
bird\Image_46.jpg,bird
bird\Image_47.jpg,bird
bird\Image_48.jpg,bird
bird\Image_49.jpg,bird
bird\Image_50.jpg,bird
bird\Image_52.jpg,bird
bird\Image_53.jpg,bird
bird\Image_54.jpg,bird
bird\Image_55.jpg,bird
bird\Image_56.jpg,bird
bird\Image_57.jpg,bird
bird\Image_58.jpg,bird
bird\Image_59.jpg,bird
bird\Image_60.JPG,bird
bird\Image_61.jpg,bird
bird\Image_62.jpg,bird
bird\Image_63.jpg,bird
bird\Image_64.jpg,bird
bird\Image_65.jpg,bird
bird\Image_66.jpg,bird
bird\Image_67.jpg,bird
bird\Image_68.jpg,bird
bird\Image_69.jpg,bird
bird\Image_7.jpg,bird
bird\Image_70.jpg,bird
bird\Image_72.jpg,bird
bird\Image_73.jpg,bird
bird\Image_74.jpg,bird
bird\Image_75.jpg,bird
bird\Image_76.jpg,bird
bird\Image_77.jpg,bird
bird\Image_78.jpg,bird
bird\Image_79.jpg,bird
bird\Image_8.jpg,bird
bird\Image_80.jpg,bird
bird\Image_81.jpg,bird
bird\Image_82.jpg,bird
bird\Image_84.jpg,bird
bird\Image_85.jpg,bird
bird\Image_86.jpg,bird
bird\Image_87.jpg,bird
bird\Image_88.jpg,bird
bird\Image_89.jpg,bird
bird\Image_9.jpg,bird
bird\Image_90.jpg,bird
bird\Image_91.jpg,bird
bird\Image_92.jpg,bird
bird\Image_93.jpg,bird
bird\Image_94.jpg,bird
bird\Image_95.jpg,bird
bird\Image_96.jpg,bird
bird\Image_97.jpg,bird
bird\Image_98.jpg,bird
bird\Image_99.jpg,bird
cat\Cat_1.jpeg,cat
cat\Cat_10.jpg,cat
cat\Cat_10_1.jpg,cat
cat\Cat_10_2.jpg,cat
cat\Cat_10_3.jpg,cat
cat\Cat_10_4.jpg,cat
cat\Cat_11.jpg,cat
cat\Cat_11_1.jpg,cat
cat\Cat_11_2.jpg,cat
cat\Cat_11_3.jpg,cat
cat\Cat_11_4.jpg,cat
cat\Cat_12.jpg,cat
cat\Cat_12_1.jpg,cat
cat\Cat_12_2.jpg,cat
cat\Cat_12_3.jpg,cat
cat\Cat_13.jpeg,cat
cat\Cat_13_1.jpg,cat
cat\Cat_13_2.jpg,cat
cat\Cat_14.jpeg,cat
cat\Cat_14_1.jpg,cat
cat\Cat_14_2.jpg,cat
cat\Cat_14_3.jpg,cat
cat\Cat_15.jpg,cat
cat\Cat_15_1.jpg,cat
cat\Cat_15_2.jpg,cat
cat\Cat_15_3.jpg,cat
cat\Cat_15_4.jpg,cat
cat\Cat_16.jpg,cat
cat\Cat_16_1.jpg,cat
cat\Cat_16_2.jpg,cat
cat\Cat_16_3.jpg,cat
cat\Cat_17.jpeg,cat
cat\Cat_17_1.jpg,cat
cat\Cat_17_2.jpg,cat
cat\Cat_17_3.jpg,cat
cat\Cat_18.jpg,cat
cat\Cat_18_1.jpg,cat
cat\Cat_18_2.jpg,cat
cat\Cat_18_3.jpg,cat
cat\Cat_18_4.jpg,cat
cat\Cat_19.jpeg,cat
cat\Cat_19_1.jpg,cat
cat\Cat_19_2.jpg,cat
cat\Cat_19_3.jpg,cat
cat\Cat_1_1.jpg,cat
cat\Cat_1_2.jpg,cat
cat\Cat_1_3.jpg,cat
cat\Cat_1_4.jpg,cat
cat\Cat_2.jpeg,cat
cat\Cat_20.jpeg,cat
cat\Cat_20_1.jpg,cat
cat\Cat_20_2.jpg,cat
cat\Cat_20_3.jpg,cat
cat\Cat_21.jpeg,cat
cat\Cat_21_1.jpg,cat
cat\Cat_21_2.jpg,cat
cat\Cat_21_3.jpg,cat
cat\Cat_22.jpg,cat
cat\Cat_22_1.jpg,cat
cat\Cat_22_2.jpg,cat
cat\Cat_23.jpeg,cat
cat\Cat_23_1.jpg,cat
cat\Cat_23_2.jpg,cat
cat\Cat_24.jpeg,cat
cat\Cat_24_1.jpg,cat
cat\Cat_24_2.jpg,cat
cat\Cat_25.jpg,cat
cat\Cat_25_1.jpg,cat
cat\Cat_25_2.jpg,cat
cat\Cat_25_3.jpg,cat
cat\Cat_26.jpeg,cat
cat\Cat_26_1.jpg,cat
cat\Cat_26_2.jpg,cat
cat\Cat_26_3.jpg,cat
cat\Cat_26_4.jpg,cat
cat\Cat_27.jpg,cat
cat\Cat_27_1.jpg,cat
cat\Cat_27_2.jpg,cat
cat\Cat_27_3.jpg,cat
cat\Cat_28.jpeg,cat
cat\Cat_28_1.jpg,cat
cat\Cat_28_2.jpg,cat
cat\Cat_28_3.jpg,cat
cat\Cat_29.jpeg,cat
cat\Cat_29_1.jpg,cat
cat\Cat_29_2.jpg,cat
cat\Cat_29_3.jpg,cat
cat\Cat_29_4.jpg,cat
cat\Cat_2_1.jpg,cat
cat\Cat_2_2.jpg,cat
cat\Cat_3.jpg,cat
cat\Cat_30.jpeg,cat
cat\Cat_30_1.jpg,cat
cat\Cat_30_2.jpg,cat
cat\Cat_3_1.jpg,cat
cat\Cat_3_2.jpg,cat
cat\Cat_3_3.jpg,cat
cat\Cat_4.jpg,cat
cat\Cat_4_1.jpg,cat
cat\Cat_4_2.jpg,cat
cat\Cat_5.jpg,cat
cat\Cat_5_1.jpg,cat
cat\Cat_5_2.jpg,cat
cat\Cat_5_3.jpg,cat
cat\Cat_5_4.jpg,cat
cat\Cat_6.jpg,cat
cat\Cat_6_1.jpg,cat
cat\Cat_6_2.jpg,cat
cat\Cat_6_3.jpg,cat
cat\Cat_7.jpeg,cat
cat\Cat_7_1.jpg,cat
cat\Cat_7_2.jpg,cat
cat\Cat_7_3.jpg,cat
cat\Cat_7_4.jpg,cat
cat\Cat_8.jpeg,cat
cat\Cat_8_1.jpg,cat
cat\Cat_8_2.jpg,cat
cat\Cat_8_3.jpg,cat
cat\Cat_8_4.jpg,cat
cat\Cat_9.jpeg,cat
cat\Cat_9_1.jpg,cat
cat\Cat_9_2.jpg,cat
cat\Cat_9_3.jpg,cat
cat\images (1).jpeg,cat
cat\images (10).jpeg,cat
cat\images (11).jpeg,cat
cat\images (12).jpeg,cat
cat\images (13).jpeg,cat
cat\images (14).jpeg,cat
cat\images (15).jpeg,cat
cat\images (16).jpeg,cat
cat\images (17).jpeg,cat
cat\images (18).jpeg,cat
cat\images (19).jpeg,cat
cat\images (2).jpeg,cat
cat\images (20).jpeg,cat
cat\images (21).jpeg,cat
cat\images (22).jpeg,cat
cat\images (23).jpeg,cat
cat\images (3).jpeg,cat
cat\images (4).jpeg,cat
cat\images (5).jpeg,cat
cat\images (6).jpeg,cat
cat\images (7).jpeg,cat
cat\images (8).jpeg,cat
cat\images (9).jpeg,cat
cat\images.jpeg,cat
cat\images.png,cat
cat\Image_1.jpeg,cat
cat\Image_100.jpg,cat
cat\Image_102.jpg,cat
cat\Image_104.jpg,cat
cat\Image_105.jpg,cat
cat\Image_108.jpg,cat
cat\Image_109.jpg,cat
cat\Image_111.jpg,cat
cat\Image_117.jpg,cat
cat\Image_118.jpg,cat
cat\Image_119.jpg,cat
cat\Image_12.jpg,cat
cat\Image_120.jpg,cat
cat\Image_121.jpg,cat
cat\Image_122.jpg,cat
cat\Image_123.jpg,cat
cat\Image_125.png,cat
cat\Image_126.jpg,cat
cat\Image_128.jpg,cat
cat\Image_129.jpg,cat
cat\Image_13.png,cat
cat\Image_130.jpg,cat
cat\Image_132.jpg,cat
cat\Image_133.jpg,cat
cat\Image_135.jpg,cat
cat\Image_138.jpg,cat
cat\Image_15.jpg,cat
cat\Image_16.png,cat
cat\Image_17.png,cat
cat\Image_2.jpg,cat
cat\Image_21.jpg,cat
cat\Image_22.jpg,cat
cat\Image_23.jpg,cat
cat\Image_25.jpg,cat
cat\Image_26.jpg,cat
cat\Image_28.jpg,cat
cat\Image_29.jpg,cat
cat\Image_3.jpg,cat
cat\Image_30.jpg,cat
cat\Image_31.jpg,cat
cat\Image_32.jpg,cat
cat\Image_33.jpg,cat
cat\Image_34.jpg,cat
cat\Image_35.jpg,cat
cat\Image_36.jpg,cat
cat\Image_37.jpg,cat
cat\Image_38.jpg,cat
cat\Image_39.jpg,cat
cat\Image_39_1.jpg,cat
cat\Image_39_2.jpg,cat
cat\Image_4.jpg,cat
cat\Image_40.jpg,cat
cat\Image_42.jpg,cat
cat\Image_43.jpg,cat
cat\Image_44.jpg,cat
cat\Image_45.jpg,cat
cat\Image_46.jpeg,cat
cat\Image_47.jpg,cat
cat\Image_48.jpg,cat
cat\Image_49.jpg,cat
cat\Image_5.jpeg,cat
cat\Image_50.jpg,cat
cat\Image_51.jpg,cat
cat\Image_52.jpg,cat
cat\Image_53.jpg,cat
cat\Image_55.jpg,cat
cat\Image_56.jpeg,cat
cat\Image_57.jpg,cat
cat\Image_58.jpg,cat
cat\Image_59.jpg,cat
cat\Image_6.jpg,cat
cat\Image_60.jpg,cat
cat\Image_61.jpg,cat
cat\Image_62.jpg,cat
cat\Image_63.jpeg,cat
cat\Image_64.jpg,cat
cat\Image_65.jpg,cat
cat\Image_66.jpg,cat
cat\Image_67.jpeg,cat
cat\Image_68.jpeg,cat
cat\Image_7.jpg,cat
cat\Image_70.jpg,cat
cat\Image_71.jpeg,cat
cat\Image_72.jpeg,cat
cat\Image_73.jpg,cat
cat\Image_74.jpeg,cat
cat\Image_75.jpg,cat
cat\Image_76.jpg,cat
cat\Image_77.jpg,cat
cat\Image_78.jpg,cat
cat\Image_79.jpg,cat
cat\Image_80.jpg,cat
cat\Image_81.jpg,cat
cat\Image_82.jpg,cat
cat\Image_83.jpg,cat
cat\Image_84.jpg,cat
cat\Image_85.jpg,cat
cat\Image_86.jpg,cat
cat\Image_87.jpg,cat
cat\Image_88.jpg,cat
cat\Image_91.jpg,cat
cat\Image_92.jpg,cat
cat\Image_93.jpg,cat
cat\Image_97.jpg,cat
cat\Image_99.jpg,cat
cow\Cow_1.jpg,cow
cow\Cow_10.jpeg,cow
cow\Cow_10_1.jpg,cow
cow\Cow_10_2.jpg,cow
cow\Cow_10_3.jpg,cow
cow\Cow_11.jpeg,cow
cow\Cow_11_1.jpg,cow
cow\Cow_11_2.jpg,cow
cow\Cow_11_3.jpg,cow
cow\Cow_12.jpg,cow
cow\Cow_12_1.jpg,cow
cow\Cow_12_2.jpg,cow
cow\Cow_12_3.jpg,cow
cow\Cow_13.jpg,cow
cow\Cow_13_1.jpg,cow
cow\Cow_13_2.jpg,cow
cow\Cow_13_3.jpg,cow
cow\Cow_13_4.jpg,cow
cow\Cow_14.jpeg,cow
cow\Cow_14_1.jpg,cow
cow\Cow_14_2.jpg,cow
cow\Cow_14_3.jpg,cow
cow\Cow_15.jpeg,cow
cow\Cow_15_1.jpg,cow
cow\Cow_15_2.jpg,cow
cow\Cow_15_3.jpg,cow
cow\Cow_15_4.jpg,cow
cow\Cow_16.jpeg,cow
cow\Cow_16_1.jpg,cow
cow\Cow_16_2.jpg,cow
cow\Cow_16_3.jpg,cow
cow\Cow_17.jpg,cow
cow\Cow_17_1.jpg,cow
cow\Cow_17_2.jpg,cow
cow\Cow_17_3.jpg,cow
cow\Cow_18.jpeg,cow
cow\Cow_18_1.jpg,cow
cow\Cow_18_2.jpg,cow
cow\Cow_18_3.jpg,cow
cow\Cow_19.jpg,cow
cow\Cow_19_1.jpg,cow
cow\Cow_19_2.jpg,cow
cow\Cow_19_3.jpg,cow
cow\Cow_1_1.jpg,cow
cow\Cow_1_2.jpg,cow
cow\Cow_2.jpg,cow
cow\Cow_20.jpg,cow
cow\Cow_20_1.jpg,cow
cow\Cow_20_2.jpg,cow
cow\Cow_21.jpg,cow
cow\Cow_21_1.jpg,cow
cow\Cow_21_2.jpg,cow
cow\Cow_21_3.jpg,cow
cow\Cow_21_4.jpg,cow
cow\Cow_22.jpeg,cow
cow\Cow_22_1.jpg,cow
cow\Cow_22_2.jpg,cow
cow\Cow_22_3.jpg,cow
cow\Cow_22_4.jpg,cow
cow\Cow_23.jpeg,cow
cow\Cow_23_1.jpg,cow
cow\Cow_23_2.jpg,cow
cow\Cow_23_3.jpg,cow
cow\Cow_23_4.jpg,cow
cow\Cow_24.jpeg,cow
cow\Cow_24_1.jpg,cow
cow\Cow_24_2.jpg,cow
cow\Cow_24_3.jpg,cow
cow\Cow_25.jpeg,cow
cow\Cow_25_1.jpg,cow
cow\Cow_25_2.jpg,cow
cow\Cow_25_3.jpg,cow
cow\Cow_25_4.jpg,cow
cow\Cow_26.jpeg,cow
cow\Cow_26_1.jpg,cow
cow\Cow_26_2.jpg,cow
cow\Cow_26_3.jpg,cow
cow\Cow_27.jpeg,cow
cow\Cow_27_1.jpg,cow
cow\Cow_27_2.jpg,cow
cow\Cow_27_3.jpg,cow
cow\Cow_27_4.jpg,cow
cow\Cow_28.jpg,cow
cow\Cow_28_1.jpg,cow
cow\Cow_28_2.jpg,cow
cow\Cow_28_3.jpg,cow
cow\Cow_28_4.jpg,cow
cow\Cow_29.jpeg,cow
cow\Cow_29_1.jpg,cow
cow\Cow_29_2.jpg,cow
cow\Cow_29_3.jpg,cow
cow\Cow_2_1.jpg,cow
cow\Cow_2_2.jpg,cow
cow\Cow_2_3.jpg,cow
cow\Cow_3.jpeg,cow
cow\Cow_30.jpeg,cow
cow\Cow_30_1.jpg,cow
cow\Cow_30_2.jpg,cow
cow\Cow_30_3.jpg,cow
cow\Cow_30_4.jpg,cow
cow\Cow_3_1.jpg,cow
cow\Cow_3_2.jpg,cow
cow\Cow_3_3.jpg,cow
cow\Cow_3_4.jpg,cow
cow\Cow_4.jpeg,cow
cow\Cow_4_1.jpg,cow
cow\Cow_4_2.jpg,cow
cow\Cow_5.jpg,cow
cow\Cow_5_1.jpg,cow
cow\Cow_5_2.jpg,cow
cow\Cow_5_3.jpg,cow
cow\Cow_6.jpeg,cow
cow\Cow_6_1.jpg,cow
cow\Cow_6_2.jpg,cow
cow\Cow_6_3.jpg,cow
cow\Cow_6_4.jpg,cow
cow\Cow_7.jpeg,cow
cow\Cow_7_1.jpg,cow
cow\Cow_7_2.jpg,cow
cow\Cow_7_3.jpg,cow
cow\Cow_7_4.jpg,cow
cow\Cow_8.jpg,cow
cow\Cow_8_1.jpg,cow
cow\Cow_8_2.jpg,cow
cow\Cow_8_3.jpg,cow
cow\Cow_8_4.jpg,cow
cow\Cow_9.jpg,cow
cow\Cow_9_1.jpg,cow
cow\Cow_9_2.jpg,cow
cow\Cow_9_3.jpg,cow
cow\Cow_9_4.jpg,cow
cow\Image_1.jpg,cow
cow\Image_10.jpeg,cow
cow\Image_100.png,cow
cow\Image_101.jpg,cow
cow\Image_102.jpg,cow
cow\Image_103.jpg,cow
cow\Image_104.jpg,cow
cow\Image_105.jpg,cow
cow\Image_106.jpg,cow
cow\Image_107.jpg,cow
cow\Image_108.jpg,cow
cow\Image_109.jpg,cow
cow\Image_11.jpg,cow
cow\Image_110.jpg,cow
cow\Image_111.jpg,cow
cow\Image_112.jpg,cow
cow\Image_113.jpg,cow
cow\Image_114.jpg,cow
cow\Image_115.png,cow
cow\Image_116.jpg,cow
cow\Image_117.jpg,cow
cow\Image_118.jpg,cow
cow\Image_119.png,cow
cow\Image_12.jpg,cow
cow\Image_120.png,cow
cow\Image_121.jpg,cow
cow\Image_122.jpg,cow
cow\Image_123.jpg,cow
cow\Image_124.jpg,cow
cow\Image_125.jpg,cow
cow\Image_126.jpg,cow
cow\Image_127.jpg,cow
cow\Image_128.jpg,cow
cow\Image_129.jpg,cow
cow\Image_13.jpg,cow
cow\Image_130.jpg,cow
cow\Image_131.jpg,cow
cow\Image_132.jpg,cow
cow\Image_133.jpg,cow
cow\Image_134.jpg,cow
cow\Image_135.jpg,cow
cow\Image_136.jpg,cow
cow\Image_137.jpeg,cow
cow\Image_138.jpg,cow
cow\Image_14.jpg,cow
cow\Image_142.jpg,cow
cow\Image_144.jpg,cow
cow\Image_147.jpg,cow
cow\Image_148.jpg,cow
cow\Image_149.jpg,cow
cow\Image_15.jpg,cow
cow\Image_150.jpg,cow
cow\Image_151.png,cow
cow\Image_152.png,cow
cow\Image_153.jpg,cow
cow\Image_155.jpg,cow
cow\Image_156.png,cow
cow\Image_157.jpg,cow
cow\Image_158.jpg,cow
cow\Image_16.jpg,cow
cow\Image_160.png,cow
cow\Image_161.png,cow
cow\Image_162.jpg,cow
cow\Image_163.jpg,cow
cow\Image_165.jpg,cow
cow\Image_166.jpg,cow
cow\Image_17.jpg,cow
cow\Image_171.jpg,cow
cow\Image_172.jpg,cow
cow\Image_18.jpg,cow
cow\Image_185.jpg,cow
cow\Image_187.jpg,cow
cow\Image_19.png,cow
cow\Image_2.JPG,cow
cow\Image_20.jpg,cow
cow\Image_21.jpg,cow
cow\Image_22.jpg,cow
cow\Image_23.jpg,cow
cow\Image_24.jpg,cow
cow\Image_25.jpg,cow
cow\Image_26.jpg,cow
cow\Image_3.jpg,cow
cow\Image_4.jpg,cow
cow\Image_5.jpg,cow
cow\Image_52.jpg,cow
cow\Image_54.jpg,cow
cow\Image_54_1.jpg,cow
cow\Image_54_2.jpg,cow
cow\Image_54_3.jpg,cow
cow\Image_54_4.jpg,cow
cow\Image_54_5.jpg,cow
cow\Image_54_6.jpg,cow
cow\Image_54_7.jpg,cow
cow\Image_54_8.jpg,cow
cow\Image_55.jpeg,cow
cow\Image_57.jpg,cow
cow\Image_58.jpg,cow
cow\Image_59.jpg,cow
cow\Image_6.jpg,cow
cow\Image_60.jpg,cow
cow\Image_61.jpg,cow
cow\Image_62.jpeg,cow
cow\Image_63.jpg,cow
cow\Image_64.jpg,cow
cow\Image_65.jpg,cow
cow\Image_66.jpg,cow
cow\Image_67.jpg,cow
cow\Image_68.jpg,cow
cow\Image_69.jpg,cow
cow\Image_7.jpg,cow
cow\Image_70.jpg,cow
cow\Image_71.jpg,cow
cow\Image_72.jpg,cow
cow\Image_74.jpg,cow
cow\Image_75.jpg,cow
cow\Image_76.jpg,cow
cow\Image_77.jpg,cow
cow\Image_78.jpg,cow
cow\Image_79.jpg,cow
cow\Image_8.jpg,cow
cow\Image_80.jpg,cow
cow\Image_81.jpg,cow
cow\Image_88.jpg,cow
cow\Image_89.jpg,cow
cow\Image_9.jpg,cow
cow\Image_90.jpg,cow
cow\Image_91.jpg,cow
cow\Image_92.jpg,cow
cow\Image_94.jpg,cow
cow\Image_95.jpg,cow
cow\Image_96.jpg,cow
cow\Image_97.png,cow
cow\Image_98.jpg,cow
cow\Image_99.jpg,cow
deer\Deer_1.jpg,deer
deer\Deer_10.jpeg,deer
deer\Deer_10_1.jpg,deer
deer\Deer_10_2.jpg,deer
deer\Deer_10_3.jpg,deer
deer\Deer_11.jpeg,deer
deer\Deer_11_1.jpg,deer
deer\Deer_11_2.jpg,deer
deer\Deer_12.jpeg,deer
deer\Deer_12_1.jpg,deer
deer\Deer_12_2.jpg,deer
deer\Deer_12_3.jpg,deer
deer\Deer_13.jpg,deer
deer\Deer_13_1.jpg,deer
deer\Deer_13_2.jpg,deer
deer\Deer_13_3.jpg,deer
deer\Deer_14.jpeg,deer
deer\Deer_14_1.jpg,deer
deer\Deer_14_2.jpg,deer
deer\Deer_14_3.jpg,deer
deer\Deer_15.jpg,deer
deer\Deer_15_1.jpg,deer
deer\Deer_15_2.jpg,deer
deer\Deer_15_3.jpg,deer
deer\Deer_15_4.jpg,deer
deer\Deer_16.jpg,deer
deer\Deer_16_1.jpg,deer
deer\Deer_16_2.jpg,deer
deer\Deer_16_3.jpg,deer
deer\Deer_17.jpg,deer
deer\Deer_17_1.jpg,deer
deer\Deer_17_2.jpg,deer
deer\Deer_17_3.jpg,deer
deer\Deer_18.jpeg,deer
deer\Deer_18_1.jpg,deer
deer\Deer_18_2.jpg,deer
deer\Deer_18_3.jpg,deer
deer\Deer_19.jpeg,deer
deer\Deer_19_1.jpg,deer
deer\Deer_19_2.jpg,deer
deer\Deer_19_3.jpg,deer
deer\Deer_1_1.jpg,deer
deer\Deer_1_2.jpg,deer
deer\Deer_1_3.jpg,deer
deer\Deer_2.jpeg,deer
deer\Deer_20.jpg,deer
deer\Deer_20_1.jpg,deer
deer\Deer_20_2.jpg,deer
deer\Deer_20_3.jpg,deer
deer\Deer_21.jpg,deer
deer\Deer_21_1.jpg,deer
deer\Deer_21_2.jpg,deer
deer\Deer_21_3.jpg,deer
deer\Deer_22.jpeg,deer
deer\Deer_22_1.jpg,deer
deer\Deer_22_2.jpg,deer
deer\Deer_22_3.jpg,deer
deer\Deer_22_4.jpg,deer
deer\Deer_23.jpg,deer
deer\Deer_23_1.jpg,deer
deer\Deer_23_2.jpg,deer
deer\Deer_23_3.jpg,deer
deer\Deer_24.jpeg,deer
deer\Deer_24_1.jpg,deer
deer\Deer_24_2.jpg,deer
deer\Deer_24_3.jpg,deer
deer\Deer_25.jpeg,deer
deer\Deer_25_1.jpg,deer
deer\Deer_25_2.jpg,deer
deer\Deer_25_3.jpg,deer
deer\Deer_26.jpeg,deer
deer\Deer_26_1.jpg,deer
deer\Deer_26_2.jpg,deer
deer\Deer_26_3.jpg,deer
deer\Deer_26_4.jpg,deer
deer\Deer_27.jpeg,deer
deer\Deer_27_1.jpg,deer
deer\Deer_27_2.jpg,deer
deer\Deer_27_3.jpg,deer
deer\Deer_28.jpeg,deer
deer\Deer_28_1.jpg,deer
deer\Deer_28_2.jpg,deer
deer\Deer_28_3.jpg,deer
deer\Deer_29.jpg,deer
deer\Deer_29_1.jpg,deer
deer\Deer_29_2.jpg,deer
deer\Deer_29_3.jpg,deer
deer\Deer_29_4.jpg,deer
deer\Deer_2_1.jpg,deer
deer\Deer_2_2.jpg,deer
deer\Deer_3.jpg,deer
deer\Deer_30.jpeg,deer
deer\Deer_30_1.jpg,deer
deer\Deer_30_2.jpg,deer
deer\Deer_30_3.jpg,deer
deer\Deer_3_1.jpg,deer
deer\Deer_3_2.jpg,deer
deer\Deer_3_3.jpg,deer
deer\Deer_3_4.jpg,deer
deer\Deer_4.jpeg,deer
deer\Deer_4_1.jpg,deer
deer\Deer_4_2.jpg,deer
deer\Deer_4_3.jpg,deer
deer\Deer_4_4.jpg,deer
deer\Deer_5.jpg,deer
deer\Deer_5_1.jpg,deer
deer\Deer_5_2.jpg,deer
deer\Deer_5_3.jpg,deer
deer\Deer_5_4.jpg,deer
deer\Deer_6.jpeg,deer
deer\Deer_6_1.jpg,deer
deer\Deer_6_2.jpg,deer
deer\Deer_6_3.jpg,deer
deer\Deer_7.jpeg,deer
deer\Deer_7_1.jpg,deer
deer\Deer_7_2.jpg,deer
deer\Deer_7_3.jpg,deer
deer\Deer_7_4.jpg,deer
deer\Deer_8.jpeg,deer
deer\Deer_8_1.jpg,deer
deer\Deer_8_2.jpg,deer
deer\Deer_8_3.jpg,deer
deer\Deer_9.jpeg,deer
deer\Deer_9_1.jpg,deer
deer\Deer_9_2.jpg,deer
deer\Deer_9_3.jpg,deer
deer\Deer_9_4.jpg,deer
deer\Image_1.jpg,deer
deer\Image_10.jpg,deer
deer\Image_100.jpg,deer
deer\Image_101.jpg,deer
deer\Image_102.jpg,deer
deer\Image_103.jpg,deer
deer\Image_104.jpg,deer
deer\Image_105.jpg,deer
deer\Image_107.jpg,deer
deer\Image_108.jpg,deer
deer\Image_109.jpg,deer
deer\Image_11.jpg,deer
deer\Image_110.jpg,deer
deer\Image_111.jpg,deer
deer\Image_112.jpg,deer
deer\Image_113.jpg,deer
deer\Image_114.jpg,deer
deer\Image_115.jpg,deer
deer\Image_116.jpg,deer
deer\Image_117.jpg,deer
deer\Image_118.jpg,deer
deer\Image_119.jpeg,deer
deer\Image_12.jpeg,deer
deer\Image_120.jpg,deer
deer\Image_121.jpg,deer
deer\Image_122.jpg,deer
deer\Image_123.jpg,deer
deer\Image_124.jpg,deer
deer\Image_125.jpg,deer
deer\Image_126.jpg,deer
deer\Image_127.jpg,deer
deer\Image_128.jpg,deer
deer\Image_129.jpg,deer
deer\Image_13.jpg,deer
deer\Image_130.jpg,deer
deer\Image_131.jpg,deer
deer\Image_132.jpg,deer
deer\Image_133.jpg,deer
deer\Image_134.jpg,deer
deer\Image_135.jpg,deer
deer\Image_136.jpg,deer
deer\Image_137.jpg,deer
deer\Image_138.jpg,deer
deer\Image_139.jpg,deer
deer\Image_14.jpg,deer
deer\Image_140.jpg,deer
deer\Image_141.jpg,deer
deer\Image_142.jpg,deer
deer\Image_143.jpg,deer
deer\Image_144.JPG,deer
deer\Image_145.jpg,deer
deer\Image_146.jpg,deer
deer\Image_147.jpg,deer
deer\Image_148.jpg,deer
deer\Image_149.jpg,deer
deer\Image_15.jpg,deer
deer\Image_150.jpg,deer
deer\Image_151.jpg,deer
deer\Image_152.jpg,deer
deer\Image_153.jpeg,deer
deer\Image_154.jpg,deer
deer\Image_155.jpg,deer
deer\Image_156.jpg,deer
deer\Image_157.jpg,deer
deer\Image_158.jpg,deer
deer\Image_159.jpg,deer
deer\Image_16.jpg,deer
deer\Image_160.jpg,deer
deer\Image_162.jpg,deer
deer\Image_163.jpg,deer
deer\Image_164.jpg,deer
deer\Image_165.jpg,deer
deer\Image_166.jpg,deer
deer\Image_167.jpg,deer
deer\Image_168.jpg,deer
deer\Image_169.jpg,deer
deer\Image_17.jpg,deer
deer\Image_170.webp,deer
deer\Image_171.jpg,deer
deer\Image_172.png,deer
deer\Image_173.jpg,deer
deer\Image_174.jpg,deer
deer\Image_175.jpg,deer
deer\Image_177.jpg,deer
deer\Image_178.jpg,deer
deer\Image_179.jpg,deer
deer\Image_18.jpg,deer
deer\Image_180.jpg,deer
deer\Image_181.jpg,deer
deer\Image_182.jpg,deer
deer\Image_183.jpg,deer
deer\Image_184.jpg,deer
deer\Image_185.jpg,deer
deer\Image_186.jpg,deer
deer\Image_187.jpg,deer
deer\Image_189.jpg,deer
deer\Image_19.jpg,deer
deer\Image_197.jpg,deer
deer\Image_2.jpg,deer
deer\Image_20.JPG,deer
deer\Image_205.jpg,deer
deer\Image_21.jpg,deer
deer\Image_22.jpeg,deer
deer\Image_23.jpg,deer
deer\Image_24.jpg,deer
deer\Image_25.jpeg,deer
deer\Image_26.jpg,deer
deer\Image_27.jpg,deer
deer\Image_28.jpg,deer
deer\Image_29.jpg,deer
deer\Image_3.jpg,deer
deer\Image_30.jpg,deer
deer\Image_33.jpg,deer
deer\Image_34.jpg,deer
deer\Image_35.jpg,deer
deer\Image_36.jpg,deer
deer\Image_37.jpg,deer
deer\Image_38.jpg,deer
deer\Image_39.jpg,deer
deer\Image_4.jpg,deer
deer\Image_40.jpg,deer
deer\Image_41.jpg,deer
deer\Image_42.jpg,deer
deer\Image_43.jpg,deer
deer\Image_44.JPG,deer
deer\Image_45.jpg,deer
deer\Image_46.jpg,deer
deer\Image_47.jpg,deer
deer\Image_48.jpg,deer
deer\Image_49.jpg,deer
deer\Image_5.jpg,deer
deer\Image_50.jpg,deer
deer\Image_51.jpg,deer
deer\Image_52.jpg,deer
deer\Image_53.jpg,deer
deer\Image_54.jpg,deer
deer\Image_55.jpg,deer
deer\Image_56.jpg,deer
deer\Image_57.jpg,deer
deer\Image_58.jpg,deer
deer\Image_59.jpg,deer
deer\Image_6.jpg,deer
deer\Image_60.jpg,deer
deer\Image_61.jpg,deer
deer\Image_62.jpg,deer
deer\Image_63.jpg,deer
deer\Image_64.jpg,deer
deer\Image_65.jpg,deer
deer\Image_66.jpg,deer
deer\Image_67.jpg,deer
deer\Image_68.jpg,deer
deer\Image_69.jpg,deer
deer\Image_7.jpg,deer
deer\Image_70.jpg,deer
deer\Image_71.png,deer
deer\Image_72.jpg,deer
deer\Image_73.jpg,deer
deer\Image_74.jpg,deer
deer\Image_75.jpg,deer
deer\Image_76.jpg,deer
deer\Image_77.jpg,deer
deer\Image_78.jpg,deer
deer\Image_79.jpg,deer
deer\Image_8.jpg,deer
deer\Image_80.jpg,deer
deer\Image_81.jpg,deer
deer\Image_82.jpg,deer
deer\Image_83.jpg,deer
deer\Image_84.jpg,deer
deer\Image_85.jpg,deer
deer\Image_86.jpg,deer
deer\Image_87.jpg,deer
deer\Image_88.jpg,deer
deer\Image_89.jpg,deer
deer\Image_9.jpg,deer
deer\Image_90.jpg,deer
deer\Image_91.jpg,deer
deer\Image_92.jpg,deer
deer\Image_93.jpg,deer
deer\Image_94.jpg,deer
deer\Image_95.jpg,deer
deer\Image_96.jpg,deer
deer\Image_97.jpg,deer
deer\Image_98.jpg,deer
deer\Image_99.jpg,deer
dog\Dog_1.jpeg,dog
dog\Dog_10.jpg,dog
dog\Dog_10_1.jpg,dog
dog\Dog_10_2.jpg,dog
dog\Dog_11.jpg,dog
dog\Dog_11_1.jpg,dog
dog\Dog_11_2.jpg,dog
dog\Dog_11_3.jpg,dog
dog\Dog_12.jpeg,dog
dog\Dog_12_1.jpg,dog
dog\Dog_12_2.jpg,dog
dog\Dog_13.jpeg,dog
dog\Dog_13_1.jpg,dog
dog\Dog_13_2.jpg,dog
dog\Dog_13_3.jpg,dog
dog\Dog_13_4.jpg,dog
dog\Dog_14.jpeg,dog
dog\Dog_14_1.jpg,dog
dog\Dog_14_2.jpg,dog
dog\Dog_15.jpg,dog
dog\Dog_15_1.jpg,dog
dog\Dog_15_2.jpg,dog
dog\Dog_15_3.jpg,dog
dog\Dog_15_4.jpg,dog
dog\Dog_16.jpg,dog
dog\Dog_16_1.jpg,dog
dog\Dog_16_2.jpg,dog
dog\Dog_16_3.jpg,dog
dog\Dog_17.jpeg,dog
dog\Dog_17_1.jpg,dog
dog\Dog_17_2.jpg,dog
dog\Dog_17_3.jpg,dog
dog\Dog_18.jpg,dog
dog\Dog_18_1.jpg,dog
dog\Dog_18_2.jpg,dog
dog\Dog_18_3.jpg,dog
dog\Dog_19.jpeg,dog
dog\Dog_19_1.jpg,dog
dog\Dog_19_2.jpg,dog
dog\Dog_19_3.jpg,dog
dog\Dog_1_1.jpg,dog
dog\Dog_1_2.jpg,dog
dog\Dog_1_3.jpg,dog
dog\Dog_2.jpeg,dog
dog\Dog_20.jpeg,dog
dog\Dog_20_1.jpg,dog
dog\Dog_20_2.jpg,dog
dog\Dog_21.jpeg,dog
dog\Dog_21_1.jpg,dog
dog\Dog_21_2.jpg,dog
dog\Dog_21_3.jpg,dog
dog\Dog_21_4.jpg,dog
dog\Dog_22.jpg,dog
dog\Dog_22_1.jpg,dog
dog\Dog_22_2.jpg,dog
dog\Dog_22_3.jpg,dog
dog\Dog_23.jpg,dog
dog\Dog_23_1.jpg,dog
dog\Dog_23_2.jpg,dog
dog\Dog_23_3.jpg,dog
dog\Dog_23_4.jpg,dog
dog\Dog_24.jpeg,dog
dog\Dog_24_1.jpg,dog
dog\Dog_24_2.jpg,dog
dog\Dog_25.jpeg,dog
dog\Dog_25_1.jpg,dog
dog\Dog_25_2.jpg,dog
dog\Dog_25_3.jpg,dog
dog\Dog_25_4.jpg,dog
dog\Dog_26.jpeg,dog
dog\Dog_26_1.jpg,dog
dog\Dog_26_2.jpg,dog
dog\Dog_26_3.jpg,dog
dog\Dog_27.jpeg,dog
dog\Dog_27_1.jpg,dog
dog\Dog_27_2.jpg,dog
dog\Dog_27_3.jpg,dog
dog\Dog_28.jpg,dog
dog\Dog_28_1.jpg,dog
dog\Dog_28_2.jpg,dog
dog\Dog_28_3.jpg,dog
dog\Dog_29.jpeg,dog
dog\Dog_29_1.jpg,dog
dog\Dog_29_2.jpg,dog
dog\Dog_29_3.jpg,dog
dog\Dog_2_1.jpg,dog
dog\Dog_2_2.jpg,dog
dog\Dog_2_3.jpg,dog
dog\Dog_2_4.jpg,dog
dog\Dog_3.jpeg,dog
dog\Dog_30.jpeg,dog
dog\Dog_30_1.jpg,dog
dog\Dog_30_2.jpg,dog
dog\Dog_30_3.jpg,dog
dog\Dog_3_1.jpg,dog
dog\Dog_3_2.jpg,dog
dog\Dog_3_3.jpg,dog
dog\Dog_4.jpeg,dog
dog\Dog_4_1.jpg,dog
dog\Dog_4_2.jpg,dog
dog\Dog_4_3.jpg,dog
dog\Dog_5.jpeg,dog
dog\Dog_5_1.jpg,dog
dog\Dog_5_2.jpg,dog
dog\Dog_5_3.jpg,dog
dog\Dog_6.jpg,dog
dog\Dog_6_1.jpg,dog
dog\Dog_6_2.jpg,dog
dog\Dog_6_3.jpg,dog
dog\Dog_7.jpg,dog
dog\Dog_7_1.jpg,dog
dog\Dog_7_2.jpg,dog
dog\Dog_7_3.jpg,dog
dog\Dog_8.jpg,dog
dog\Dog_8_1.jpg,dog
dog\Dog_8_2.jpg,dog
dog\Dog_8_3.jpg,dog
dog\Dog_8_4.jpg,dog
dog\Dog_9.jpg,dog
dog\Dog_9_1.jpg,dog
dog\Dog_9_2.jpg,dog
dog\Dog_9_3.jpg,dog
dog\download (1).jpeg,dog
dog\download (16).jpeg,dog
dog\download (2).jpeg,dog
dog\download (3).jpeg,dog
dog\download (4).jpeg,dog
dog\download (5).jpeg,dog
dog\download.jpeg,dog
dog\images (1).jpeg,dog
dog\images (10).jpeg,dog
dog\images (11).jpeg,dog
dog\images (12).jpeg,dog
dog\images (13).jpeg,dog
dog\images (14).jpeg,dog
dog\images (15).jpeg,dog
dog\images (16).jpeg,dog
dog\images (17).jpeg,dog
dog\images (18).jpeg,dog
dog\images (19).jpeg,dog
dog\images (2).jpeg,dog
dog\images (20).jpeg,dog
dog\images (21).jpeg,dog
dog\images (22).jpeg,dog
dog\images (23).jpeg,dog
dog\images (24).jpeg,dog
dog\images (25).jpeg,dog
dog\images (3).jpeg,dog
dog\images (4).jpeg,dog
dog\images (5).jpeg,dog
dog\images (6).jpeg,dog
dog\images (7).jpeg,dog
dog\images (8).jpeg,dog
dog\images (9).jpeg,dog
dog\images.jpeg,dog
dog\Image_100.jpg,dog
dog\Image_101.jpg,dog
dog\Image_102.jpg,dog
dog\Image_103.jpg,dog
dog\Image_104.jpeg,dog
dog\Image_105.jpg,dog
dog\Image_106.jpg,dog
dog\Image_107.jpg,dog
dog\Image_108.jpg,dog
dog\Image_109.jpg,dog
dog\Image_10_1.jpg,dog
dog\Image_10_2.jpg,dog
dog\Image_110.jpg,dog
dog\Image_111.jpg,dog
dog\Image_112.jpg,dog
dog\Image_113.jpg,dog
dog\Image_114.jpg,dog
dog\Image_115.jpg,dog
dog\Image_116.jpg,dog
dog\Image_117.jpg,dog
dog\Image_118.jpg,dog
dog\Image_119.jpg,dog
dog\Image_120.jpg,dog
dog\Image_121.jpg,dog
dog\Image_122.jpg,dog
dog\Image_123.jpg,dog
dog\Image_124.jpg,dog
dog\Image_125.jpg,dog
dog\Image_126.jpg,dog
dog\Image_127.jpg,dog
dog\Image_128.jpg,dog
dog\Image_129.jpg,dog
dog\Image_130.jpg,dog
dog\Image_131.jpg,dog
dog\Image_132.jpg,dog
dog\Image_133.jpg,dog
dog\Image_134.jpg,dog
dog\Image_135.jpg,dog
dog\Image_136.jpg,dog
dog\Image_137.jpg,dog
dog\Image_138.jpg,dog
dog\Image_139.jpg,dog
dog\Image_140.jpg,dog
dog\Image_141.jpg,dog
dog\Image_142.jpg,dog
dog\Image_143.jpg,dog
dog\Image_144.webp,dog
dog\Image_145.jpg,dog
dog\Image_146.jpg,dog
dog\Image_147.jpg,dog
dog\Image_148.jpg,dog
dog\Image_149.jpg,dog
dog\Image_150.jpg,dog
dog\Image_151.jpg,dog
dog\Image_152.jpg,dog
dog\Image_153.jpg,dog
dog\Image_154.jpg,dog
dog\Image_155.jpg,dog
dog\Image_156.jpg,dog
dog\Image_157.jpg,dog
dog\Image_158.jpeg,dog
dog\Image_159.jpg,dog
dog\Image_160.jpg,dog
dog\Image_161.jpg,dog
dog\Image_162.jpg,dog
dog\Image_163.jpg,dog
dog\Image_164.jpg,dog
dog\Image_165.jpg,dog
dog\Image_166.jpg,dog
dog\Image_167.jpg,dog
dog\Image_168.jpg,dog
dog\Image_169.jpg,dog
dog\Image_170.jpg,dog
dog\Image_171.jpg,dog
dog\Image_172.webp,dog
dog\Image_173.png,dog
dog\Image_174.jpg,dog
dog\Image_175.jpg,dog
dog\Image_179.jpg,dog
dog\Image_180.png,dog
dog\Image_181.jpg,dog
dog\Image_183.jpg,dog
dog\Image_184.jpg,dog
dog\Image_185.jpg,dog
dog\Image_186.jpg,dog
dog\Image_187.jpg,dog
dog\Image_188.jpg,dog
dog\Image_189.jpg,dog
dog\Image_190.jpg,dog
dog\Image_191.jpg,dog
dog\Image_193.jpg,dog
dog\Image_196.png,dog
dog\Image_199.jpg,dog
dog\Image_2.jpg,dog
dog\Image_200.jpg,dog
dog\Image_203.jpg,dog
dog\Image_205.jpg,dog
dog\Image_206.jpg,dog
dog\Image_209.jpg,dog
dog\Image_210.jpg,dog
dog\Image_211.jpg,dog
dog\Image_212.jpg,dog
dog\Image_213.jpg,dog
dog\Image_214.jpg,dog
dog\Image_215.jpg,dog
dog\Image_216.jpg,dog
dog\Image_217.jpg,dog
dog\Image_22_3.jpg,dog
dog\Image_22_4.jpg,dog
dog\Image_23.jpg,dog
dog\Image_23_1.jpg,dog
dog\Image_23_10.jpg,dog
dog\Image_23_11.jpg,dog
dog\Image_23_2.jpg,dog
dog\Image_23_3.jpg,dog
dog\Image_23_4.jpg,dog
dog\Image_23_5.jpg,dog
dog\Image_23_6.jpg,dog
dog\Image_23_7.jpg,dog
dog\Image_23_8.jpg,dog
dog\Image_23_9.jpg,dog
dog\Image_24_1.jpg,dog
dog\Image_25.jpg,dog
dog\Image_25_1.jpg,dog
dog\Image_25_2.jpg,dog
dog\Image_27.jpg,dog
dog\Image_28.jpg,dog
dog\Image_3.jpg,dog
dog\Image_33.jpg,dog
dog\Image_34.jpg,dog
dog\Image_35.jpg,dog
dog\Image_36.jpg,dog
dog\Image_37.jpg,dog
dog\Image_38.jpg,dog
dog\Image_39.jpg,dog
dog\Image_4.jpg,dog
dog\Image_40.jpg,dog
dog\Image_41.jpg,dog
dog\Image_42.jpg,dog
dog\Image_43.jpg,dog
dog\Image_46.png,dog
dog\Image_5.jpg,dog
dog\Image_55.png,dog
dog\Image_6.jpg,dog
dog\Image_60.jpg,dog
dog\Image_61.jpeg,dog
dog\Image_64.jpg,dog
dog\Image_65.jpg,dog
dog\Image_67.jpeg,dog
dog\Image_68.jpg,dog
dog\Image_69.jpg,dog
dog\Image_70.jpg,dog
dog\Image_71.jpg,dog
dog\Image_72.jpg,dog
dog\Image_73.jpg,dog
dog\Image_74.jpg,dog
dog\Image_75.png,dog
dog\Image_76.jpg,dog
dog\Image_77.jpeg,dog
dog\Image_78.jpg,dog
dog\Image_79.jpg,dog
dog\Image_8.jpg,dog
dog\Image_80.png,dog
dog\Image_81.jpg,dog
dog\Image_82.jpg,dog
dog\Image_83.jpg,dog
dog\Image_85.jpg,dog
dog\Image_87.jpg,dog
dog\Image_88.jpg,dog
dog\Image_89.jpg,dog
dog\Image_90.jpg,dog
dog\Image_91.jpg,dog
dog\Image_92.jpg,dog
dog\Image_93.jpg,dog
dog\Image_94.jpg,dog
dog\Image_95.jpg,dog
dog\Image_96.jpg,dog
dog\Image_97.jpg,dog
dog\Image_98.jpg,dog
dog\Image_99.jpg,dog
elephant\Elephant_1.jpeg,elephant
elephant\Elephant_10.jpg,elephant
elephant\Elephant_10_1.jpg,elephant
elephant\Elephant_10_2.jpg,elephant
elephant\Elephant_10_3.jpg,elephant
elephant\Elephant_11.jpeg,elephant
elephant\Elephant_11_1.jpg,elephant
elephant\Elephant_11_2.jpg,elephant
elephant\Elephant_11_3.jpg,elephant
elephant\Elephant_11_4.jpg,elephant
elephant\Elephant_12.jpg,elephant
elephant\Elephant_12_1.jpg,elephant
elephant\Elephant_12_2.jpg,elephant
elephant\Elephant_12_3.jpg,elephant
elephant\Elephant_13.jpeg,elephant
elephant\Elephant_13_1.jpg,elephant
elephant\Elephant_13_2.jpg,elephant
elephant\Elephant_14.jpeg,elephant
elephant\Elephant_14_1.jpg,elephant
elephant\Elephant_14_2.jpg,elephant
elephant\Elephant_14_3.jpg,elephant
elephant\Elephant_15.jpeg,elephant
elephant\Elephant_15_1.jpg,elephant
elephant\Elephant_15_2.jpg,elephant
elephant\Elephant_15_3.jpg,elephant
elephant\Elephant_15_4.jpg,elephant
elephant\Elephant_16.jpeg,elephant
elephant\Elephant_16_1.jpg,elephant
elephant\Elephant_16_2.jpg,elephant
elephant\Elephant_16_3.jpg,elephant
elephant\Elephant_17.jpg,elephant
elephant\Elephant_17_1.jpg,elephant
elephant\Elephant_17_2.jpg,elephant
elephant\Elephant_17_3.jpg,elephant
elephant\Elephant_18.jpg,elephant
elephant\Elephant_18_1.jpg,elephant
elephant\Elephant_18_2.jpg,elephant
elephant\Elephant_18_3.jpg,elephant
elephant\Elephant_18_4.jpg,elephant
elephant\Elephant_19.jpeg,elephant
elephant\Elephant_19_1.jpg,elephant
elephant\Elephant_19_2.jpg,elephant
elephant\Elephant_19_3.jpg,elephant
elephant\Elephant_1_1.jpg,elephant
elephant\Elephant_1_2.jpg,elephant
elephant\Elephant_1_3.jpg,elephant
elephant\Elephant_1_4.jpg,elephant
elephant\Elephant_2.jpeg,elephant
elephant\Elephant_20.jpeg,elephant
elephant\Elephant_20_1.jpg,elephant
elephant\Elephant_20_2.jpg,elephant
elephant\Elephant_20_3.jpg,elephant
elephant\Elephant_20_4.jpg,elephant
elephant\Elephant_21.jpg,elephant
elephant\Elephant_21_1.jpg,elephant
elephant\Elephant_21_2.jpg,elephant
elephant\Elephant_21_3.jpg,elephant
elephant\Elephant_22.jpeg,elephant
elephant\Elephant_22_1.jpg,elephant
elephant\Elephant_22_2.jpg,elephant
elephant\Elephant_22_3.jpg,elephant
elephant\Elephant_22_4.jpg,elephant
elephant\Elephant_23.jpeg,elephant
elephant\Elephant_23_1.jpg,elephant
elephant\Elephant_23_2.jpg,elephant
elephant\Elephant_23_3.jpg,elephant
elephant\Elephant_23_4.jpg,elephant
elephant\Elephant_24.jpeg,elephant
elephant\Elephant_24_1.jpg,elephant
elephant\Elephant_24_2.jpg,elephant
elephant\Elephant_24_3.jpg,elephant
elephant\Elephant_24_4.jpg,elephant
elephant\Elephant_25.jpeg,elephant
elephant\Elephant_25_1.jpg,elephant
elephant\Elephant_25_2.jpg,elephant
elephant\Elephant_25_3.jpg,elephant
elephant\Elephant_25_4.jpg,elephant
elephant\Elephant_26.jpeg,elephant
elephant\Elephant_26_1.jpg,elephant
elephant\Elephant_26_2.jpg,elephant
elephant\Elephant_26_3.jpg,elephant
elephant\Elephant_27.jpeg,elephant
elephant\Elephant_27_1.jpg,elephant
elephant\Elephant_27_2.jpg,elephant
elephant\Elephant_27_3.jpg,elephant
elephant\Elephant_27_4.jpg,elephant
elephant\Elephant_28.jpeg,elephant
elephant\Elephant_28_1.jpg,elephant
elephant\Elephant_28_2.jpg,elephant
elephant\Elephant_28_3.jpg,elephant
elephant\Elephant_28_4.jpg,elephant
elephant\Elephant_29.jpg,elephant
elephant\Elephant_29_1.jpg,elephant
elephant\Elephant_29_2.jpg,elephant
elephant\Elephant_29_3.jpg,elephant
elephant\Elephant_29_4.jpg,elephant
elephant\Elephant_2_1.jpg,elephant
elephant\Elephant_2_2.jpg,elephant
elephant\Elephant_2_3.jpg,elephant
elephant\Elephant_3.jpg,elephant
elephant\Elephant_30.jpeg,elephant
elephant\Elephant_30_1.jpg,elephant
elephant\Elephant_30_2.jpg,elephant
elephant\Elephant_30_3.jpg,elephant
elephant\Elephant_30_4.jpg,elephant
elephant\Elephant_3_1.jpg,elephant
elephant\Elephant_3_2.jpg,elephant
elephant\Elephant_3_3.jpg,elephant
elephant\Elephant_4.jpeg,elephant
elephant\Elephant_4_1.jpg,elephant
elephant\Elephant_4_2.jpg,elephant
elephant\Elephant_4_3.jpg,elephant
elephant\Elephant_4_4.jpg,elephant
elephant\Elephant_5.jpg,elephant
elephant\Elephant_5_1.jpg,elephant
elephant\Elephant_5_2.jpg,elephant
elephant\Elephant_5_3.jpg,elephant
elephant\Elephant_6.jpg,elephant
elephant\Elephant_6_1.jpg,elephant
elephant\Elephant_6_2.jpg,elephant
elephant\Elephant_6_3.jpg,elephant
elephant\Elephant_7.jpg,elephant
elephant\Elephant_7_1.jpg,elephant
elephant\Elephant_7_2.jpg,elephant
elephant\Elephant_8.jpeg,elephant
elephant\Elephant_8_1.jpg,elephant
elephant\Elephant_8_2.jpg,elephant
elephant\Elephant_8_3.jpg,elephant
elephant\Elephant_9.jpeg,elephant
elephant\Elephant_9_1.jpg,elephant
elephant\Elephant_9_2.jpg,elephant
elephant\Elephant_9_3.jpg,elephant
elephant\Elephant_9_4.jpg,elephant
elephant\Image_1.jpg,elephant
elephant\Image_10.jpg,elephant
elephant\Image_11.jpg,elephant
elephant\Image_12.jpg,elephant
elephant\Image_13.jpg,elephant
elephant\Image_14.jpg,elephant
elephant\Image_15.jpg,elephant
elephant\Image_16.jpg,elephant
elephant\Image_17.jpg,elephant
elephant\Image_18.jpg,elephant
elephant\Image_19.jpg,elephant
elephant\Image_2.jpg,elephant
elephant\Image_20.jpg,elephant
elephant\Image_21.jpg,elephant
elephant\Image_22.jpg,elephant
elephant\Image_23.jpg,elephant
elephant\Image_24.jpg,elephant
elephant\Image_27.jpg,elephant
elephant\Image_28.jpg,elephant
elephant\Image_3.jpg,elephant
elephant\Image_34.jpeg,elephant
elephant\Image_36.jpg,elephant
elephant\Image_37.jpg,elephant
elephant\Image_38.jpg,elephant
elephant\Image_39.jpg,elephant
elephant\Image_4.jpg,elephant
elephant\Image_40.jpg,elephant
elephant\Image_41.jpg,elephant
elephant\Image_42.jpeg,elephant
elephant\Image_43.jpg,elephant
elephant\Image_44.jpg,elephant
elephant\Image_45.jpg,elephant
elephant\Image_46.jpg,elephant
elephant\Image_47.jpg,elephant
elephant\Image_48.jpg,elephant
elephant\Image_49.jpg,elephant
elephant\Image_5.jpg,elephant
elephant\Image_50.jpg,elephant
elephant\Image_51.jpg,elephant
elephant\Image_52.jpg,elephant
elephant\Image_53.jpe,elephant
elephant\Image_54.jpg,elephant
elephant\Image_55.jpg,elephant
elephant\Image_56.jpeg,elephant
elephant\Image_57.jpg,elephant
elephant\Image_58.jpg,elephant
elephant\Image_59.jpg,elephant
elephant\Image_6.jpg,elephant
elephant\Image_60.jpg,elephant
elephant\Image_61.jpg,elephant
elephant\Image_7.jpg,elephant
elephant\Image_8.jpg,elephant
elephant\Image_9.jpg,elephant
horse\Horse_1.jpeg,horse
horse\Horse_10.jpg,horse
horse\Horse_10_1.jpg,horse
horse\Horse_10_2.jpg,horse
horse\Horse_10_3.jpg,horse
horse\Horse_11.jpg,horse
horse\Horse_11_1.jpg,horse
horse\Horse_11_2.jpg,horse
horse\Horse_11_3.jpg,horse
horse\Horse_11_4.jpg,horse
horse\Horse_12.jpeg,horse
horse\Horse_12_1.jpg,horse
horse\Horse_12_2.jpg,horse
horse\Horse_12_3.jpg,horse
horse\Horse_12_4.jpg,horse
horse\Horse_13.jpeg,horse
horse\Horse_13_1.jpg,horse
horse\Horse_13_2.jpg,horse
horse\Horse_13_3.jpg,horse
horse\Horse_14.jpeg,horse
horse\Horse_14_1.jpg,horse
horse\Horse_14_2.jpg,horse
horse\Horse_14_3.jpg,horse
horse\Horse_15.jpg,horse
horse\Horse_15_1.jpg,horse
horse\Horse_15_2.jpg,horse
horse\Horse_15_3.jpg,horse
horse\Horse_15_4.jpg,horse
horse\Horse_16.jpeg,horse
horse\Horse_16_1.jpg,horse
horse\Horse_16_2.jpg,horse
horse\Horse_16_3.jpg,horse
horse\Horse_17.jpeg,horse
horse\Horse_17_1.jpg,horse
horse\Horse_17_2.jpg,horse
horse\Horse_17_3.jpg,horse
horse\Horse_18.jpeg,horse
horse\Horse_18_1.jpg,horse
horse\Horse_18_2.jpg,horse
horse\Horse_18_3.jpg,horse
horse\Horse_18_4.jpg,horse
horse\Horse_19.jpeg,horse
horse\Horse_19_1.jpg,horse
horse\Horse_19_2.jpg,horse
horse\Horse_19_3.jpg,horse
horse\Horse_1_1.jpg,horse
horse\Horse_1_2.jpg,horse
horse\Horse_1_3.jpg,horse
horse\Horse_1_4.jpg,horse
horse\Horse_2.jpeg,horse
horse\Horse_20.jpeg,horse
horse\Horse_20_1.jpg,horse
horse\Horse_20_2.jpg,horse
horse\Horse_20_3.jpg,horse
horse\Horse_20_4.jpg,horse
horse\Horse_21.jpeg,horse
horse\Horse_21_1.jpg,horse
horse\Horse_21_2.jpg,horse
horse\Horse_21_3.jpg,horse
horse\Horse_22.jpeg,horse
horse\Horse_22_1.jpg,horse
horse\Horse_22_2.jpg,horse
horse\Horse_22_3.jpg,horse
horse\Horse_23.jpeg,horse
horse\Horse_23_1.jpg,horse
horse\Horse_23_2.jpg,horse
horse\Horse_23_3.jpg,horse
horse\Horse_24.jpg,horse
horse\Horse_24_1.jpg,horse
horse\Horse_24_2.jpg,horse
horse\Horse_24_3.jpg,horse
horse\Horse_25.jpeg,horse
horse\Horse_25_1.jpg,horse
horse\Horse_25_2.jpg,horse
horse\Horse_25_3.jpg,horse
horse\Horse_25_4.jpg,horse
horse\Horse_26.jpeg,horse
horse\Horse_26_1.jpg,horse
horse\Horse_26_2.jpg,horse
horse\Horse_26_3.jpg,horse
horse\Horse_27.jpeg,horse
horse\Horse_27_1.jpg,horse
horse\Horse_27_2.jpg,horse
horse\Horse_27_3.jpg,horse
horse\Horse_28.jpeg,horse
horse\Horse_28_1.jpg,horse
horse\Horse_28_2.jpg,horse
horse\Horse_28_3.jpg,horse
horse\Horse_29.jpeg,horse
horse\Horse_29_1.jpg,horse
horse\Horse_29_2.jpg,horse
horse\Horse_29_3.jpg,horse
horse\Horse_29_4.jpg,horse
horse\Horse_2_1.jpg,horse
horse\Horse_2_2.jpg,horse
horse\Horse_2_3.jpg,horse
horse\Horse_2_4.jpg,horse
horse\Horse_3.jpg,horse
horse\Horse_30.jpeg,horse
horse\Horse_30_1.jpg,horse
horse\Horse_30_2.jpg,horse
horse\Horse_30_3.jpg,horse
horse\Horse_30_4.jpg,horse
horse\Horse_3_1.jpg,horse
horse\Horse_3_2.jpg,horse
horse\Horse_3_3.jpg,horse
horse\Horse_4.jpg,horse
horse\Horse_4_1.jpg,horse
horse\Horse_4_2.jpg,horse
horse\Horse_4_3.jpg,horse
horse\Horse_4_4.jpg,horse
horse\Horse_5.jpg,horse
horse\Horse_5_1.jpg,horse
horse\Horse_5_2.jpg,horse
horse\Horse_6.jpg,horse
horse\Horse_6_1.jpg,horse
horse\Horse_6_2.jpg,horse
horse\Horse_6_3.jpg,horse
horse\Horse_6_4.jpg,horse
horse\Horse_7.jpg,horse
horse\Horse_7_1.jpg,horse
horse\Horse_7_2.jpg,horse
horse\Horse_8.jpeg,horse
horse\Horse_8_1.jpg,horse
horse\Horse_8_2.jpg,horse
horse\Horse_8_3.jpg,horse
horse\Horse_9.jpg,horse
horse\Horse_9_1.jpg,horse
horse\Horse_9_2.jpg,horse
horse\Horse_9_3.jpg,horse
horse\Image_1.jpg,horse
horse\Image_10.jpg,horse
horse\Image_100.jpg,horse
horse\Image_101.png,horse
horse\Image_102.jpeg,horse
horse\Image_103.png,horse
horse\Image_104.jpg,horse
horse\Image_105.jpg,horse
horse\Image_106.jpg,horse
horse\Image_107.jpg,horse
horse\Image_108.jpg,horse
horse\Image_109.jpg,horse
horse\Image_11.jpg,horse
horse\Image_110.jpg,horse
horse\Image_112.jpg,horse
horse\Image_113.jpg,horse
horse\Image_114.jpg,horse
horse\Image_115.jpg,horse
horse\Image_116.jpg,horse
horse\Image_117.jpg,horse
horse\Image_119.jpg,horse
horse\Image_12.jpeg,horse
horse\Image_13.jpeg,horse
horse\Image_14.jpg,horse
horse\Image_15.jpg,horse
horse\Image_16.jpeg,horse
horse\Image_17.jpg,horse
horse\Image_18.jpg,horse
horse\Image_19.jpeg,horse
horse\Image_2.jpg,horse
horse\Image_20.jpg,horse
horse\Image_21.jpg,horse
horse\Image_22.jpeg,horse
horse\Image_23.jpg,horse
horse\Image_24.jpg,horse
horse\Image_27.jpg,horse
horse\Image_28.jpg,horse
horse\Image_29.jpg,horse
horse\Image_30.jpg,horse
horse\Image_31.png,horse
horse\Image_32.jpg,horse
horse\Image_33.jpg,horse
horse\Image_34.jpg,horse
horse\Image_35.jpg,horse
horse\Image_36.jpg,horse
horse\Image_37.jpg,horse
horse\Image_38.jpg,horse
horse\Image_39.jpg,horse
horse\Image_40.jpg,horse
horse\Image_41.webp,horse
horse\Image_42.jpg,horse
horse\Image_43.jpg,horse
horse\Image_44.jpg,horse
horse\Image_45.jpg,horse
horse\Image_46.jpg,horse
horse\Image_47.jpg,horse
horse\Image_48.jpg,horse
horse\Image_49.jpg,horse
horse\Image_50.jpg,horse
horse\Image_51.webp,horse
horse\Image_52.jpg,horse
horse\Image_53.jpg,horse
horse\Image_54.jpg,horse
horse\Image_55.jpg,horse
horse\Image_56.jpg,horse
horse\Image_57.jpg,horse
horse\Image_58.jpg,horse
horse\Image_59.jpg,horse
horse\Image_60.jpg,horse
horse\Image_61.jpg,horse
horse\Image_62.JPG,horse
horse\Image_63.jpg,horse
horse\Image_64.jpg,horse
horse\Image_66.jpg,horse
horse\Image_69.jpg,horse
horse\Image_7.jpg,horse
horse\Image_70.jpg,horse
horse\Image_71.jpg,horse
horse\Image_73.jpg,horse
horse\Image_74.jpg,horse
horse\Image_75.jpg,horse
horse\Image_77.jpg,horse
horse\Image_78.jpg,horse
horse\Image_8.jpg,horse
horse\Image_87.jpg,horse
horse\Image_88.png,horse
horse\Image_89.png,horse
horse\Image_9.jpeg,horse
horse\Image_90.jpg,horse
horse\Image_91.jpg,horse
horse\Image_92.jpg,horse
horse\Image_93.png,horse
horse\Image_94.jpg,horse
horse\Image_95.png,horse
horse\Image_96.jpg,horse
horse\Image_97.jpg,horse
horse\Image_98.jpg,horse
horse\Image_99.png,horse
lion\download (1).jpeg,lion
lion\download (2).jpeg,lion
lion\download (3).jpeg,lion
lion\download (4).jpeg,lion
lion\download.jpeg,lion
lion\images (1).jpeg,lion
lion\images (10).jpeg,lion
lion\images (11).jpeg,lion
lion\images (12).jpeg,lion
lion\images (13).jpeg,lion
lion\images (14).jpeg,lion
lion\images (15).jpeg,lion
lion\images (16).jpeg,lion
lion\images (17).jpeg,lion
lion\images (18).jpeg,lion
lion\images (19).jpeg,lion
lion\images (2).jpeg,lion
lion\images (20).jpeg,lion
lion\images (21).jpeg,lion
lion\images (22).jpeg,lion
lion\images (3).jpeg,lion
lion\images (4).jpeg,lion
lion\images (5).jpeg,lion
lion\images (6).jpeg,lion
lion\images (7).jpeg,lion
lion\images (8).jpeg,lion
lion\images (9).jpeg,lion
lion\images.jpeg,lion
lion\Image_1.jpg,lion
lion\Image_100.jpg,lion
lion\Image_100.png,lion
lion\Image_101.jpg,lion
lion\Image_102.jpg,lion
lion\Image_103.jpg,lion
lion\Image_104.jpg,lion
lion\Image_105.jpg,lion
lion\Image_106.jpg,lion
lion\Image_107.jpg,lion
lion\Image_108.jpg,lion
lion\Image_108.webp,lion
lion\Image_109.jpg,lion
lion\Image_110.jpg,lion
lion\Image_111.jpg,lion
lion\Image_112.jpg,lion
lion\Image_113.jpg,lion
lion\Image_114.jpg,lion
lion\Image_115.jpg,lion
lion\Image_116.jpg,lion
lion\Image_117.webp,lion
lion\Image_118.jpg,lion
lion\Image_119.JPG,lion
lion\Image_121.jpeg,lion
lion\Image_122.jpg,lion
lion\Image_123.jpg,lion
lion\Image_124.jpg,lion
lion\Image_125.jpg,lion
lion\Image_126.jpg,lion
lion\Image_127.jpg,lion
lion\Image_128.jpg,lion
lion\Image_129.jpg,lion
lion\Image_130.jpg,lion
lion\Image_131.jpg,lion
lion\Image_132.jpg,lion
lion\Image_133.jpg,lion
lion\Image_136.webp,lion
lion\Image_137.jpg,lion
lion\Image_139.jpg,lion
lion\Image_146.jpg,lion
lion\Image_150.jpg,lion
lion\Image_154.jpg,lion
lion\Image_155.jpg,lion
lion\Image_156.jpg,lion
lion\Image_157.jpg,lion
lion\Image_158.jpg,lion
lion\Image_159.jpg,lion
lion\Image_160.JPG,lion
lion\Image_19.png,lion
lion\Image_2.jpg,lion
lion\Image_22.jpg,lion
lion\Image_22.png,lion
lion\Image_23.jpg,lion
lion\Image_24.jpg,lion
lion\Image_24.png,lion
lion\Image_25.jpeg,lion
lion\Image_25.jpg,lion
lion\Image_26.jpg,lion
lion\Image_26.webp,lion
lion\Image_27.jpg,lion
lion\Image_28.jpg,lion
lion\Image_29.jpg,lion
lion\Image_3.png,lion
lion\Image_30.jpg,lion
lion\Image_30.png,lion
lion\Image_31.jpg,lion
lion\Image_33.jpg,lion
lion\Image_34.jpg,lion
lion\Image_35.jpg,lion
lion\Image_36.jpg,lion
lion\Image_37.jpg,lion
lion\Image_38.jpg,lion
lion\Image_39.jpg,lion
lion\Image_4.png,lion
lion\Image_40.jpg,lion
lion\Image_41.jpg,lion
lion\Image_42.jpg,lion
lion\Image_43.jpg,lion
lion\Image_44.jpg,lion
lion\Image_45.jpg,lion
lion\Image_46.jpg,lion
lion\Image_47.jpg,lion
lion\Image_48.JPG,lion
lion\Image_49.jpg,lion
lion\Image_5.png,lion
lion\Image_50.jpg,lion
lion\Image_51.jpg,lion
lion\Image_52.jpg,lion
lion\Image_53.jpg,lion
lion\Image_54.jpg,lion
lion\Image_55.jpg,lion
lion\Image_56.jpg,lion
lion\Image_56.png,lion
lion\Image_57.jpg,lion
lion\Image_58.jpg,lion
lion\Image_59.jpg,lion
lion\Image_59.png,lion
lion\Image_60.jpg,lion
lion\Image_61.jpg,lion
lion\Image_62.jpg,lion
lion\Image_63.jpg,lion
lion\Image_64.png,lion
lion\Image_64.webp,lion
lion\Image_65.JPG,lion
lion\Image_66.jpg,lion
lion\Image_67.jpg,lion
lion\Image_68.jpg,lion
lion\Image_69.jpeg,lion
lion\Image_69.jpg,lion
lion\Image_70.jpg,lion
lion\Image_71.jpg,lion
lion\Image_72.jpg,lion
lion\Image_73.jpg,lion
lion\Image_74.jpg,lion
lion\Image_75.jpg,lion
lion\Image_76.jpg,lion
lion\Image_77.jpg,lion
lion\Image_78.jpg,lion
lion\Image_79.jpg,lion
lion\Image_8.png,lion
lion\Image_80.jpg,lion
lion\Image_81.jpg,lion
lion\Image_82.jpeg,lion
lion\Image_82.jpg,lion
lion\Image_83.jpeg,lion
lion\Image_83.jpg,lion
lion\Image_84.jpg,lion
lion\Image_85.jpg,lion
lion\Image_86.jpg,lion
lion\Image_87.jpg,lion
lion\Image_88.jpg,lion
lion\Image_89.jpeg,lion
lion\Image_89.jpg,lion
lion\Image_9.png,lion
lion\Image_90.jpg,lion
lion\Image_91.jpg,lion
lion\Image_92.jpg,lion
lion\Image_93.jpg,lion
lion\Image_94.jpg,lion
lion\Image_95.jpg,lion
lion\Image_96.jpg,lion
lion\Image_97.jpg,lion
lion\Image_98.jpg,lion
lion\Image_99.jpg,lion
lion\lion.jpeg,lion
lion\Lion_1.jpg,lion
lion\Lion_10.jpeg,lion
lion\Lion_10_1.jpg,lion
lion\Lion_10_2.jpg,lion
lion\Lion_11.jpg,lion
lion\Lion_11_1.jpg,lion
lion\Lion_11_2.jpg,lion
lion\Lion_11_3.jpg,lion
lion\Lion_11_4.jpg,lion
lion\Lion_12.jpeg,lion
lion\Lion_12_1.jpg,lion
lion\Lion_12_2.jpg,lion
lion\Lion_12_3.jpg,lion
lion\Lion_12_4.jpg,lion
lion\Lion_13.jpeg,lion
lion\Lion_13_1.jpg,lion
lion\Lion_13_2.jpg,lion
lion\Lion_13_3.jpg,lion
lion\Lion_14.jpeg,lion
lion\Lion_14_1.jpg,lion
lion\Lion_14_2.jpg,lion
lion\Lion_14_3.jpg,lion
lion\Lion_14_4.jpg,lion
lion\Lion_15.jpeg,lion
lion\Lion_15_1.jpg,lion
lion\Lion_15_2.jpg,lion
lion\Lion_15_3.jpg,lion
lion\Lion_16.jpeg,lion
lion\Lion_16_1.jpg,lion
lion\Lion_16_2.jpg,lion
lion\Lion_16_3.jpg,lion
lion\Lion_17.jpeg,lion
lion\Lion_17_1.jpg,lion
lion\Lion_17_2.jpg,lion
lion\Lion_17_3.jpg,lion
lion\Lion_18.jpeg,lion
lion\Lion_18_1.jpg,lion
lion\Lion_18_2.jpg,lion
lion\Lion_18_3.jpg,lion
lion\Lion_19.jpeg,lion
lion\Lion_19_1.jpg,lion
lion\Lion_19_2.jpg,lion
lion\Lion_19_3.jpg,lion
lion\Lion_19_4.jpg,lion
lion\Lion_1_1.jpg,lion
lion\Lion_1_2.jpg,lion
lion\Lion_1_3.jpg,lion
lion\Lion_2.jpg,lion
lion\Lion_20.jpeg,lion
lion\Lion_20_1.jpg,lion
lion\Lion_20_2.jpg,lion
lion\Lion_20_3.jpg,lion
lion\Lion_20_4.jpg,lion
lion\Lion_21.jpeg,lion
lion\Lion_21_1.jpg,lion
lion\Lion_21_2.jpg,lion
lion\Lion_21_3.jpg,lion
lion\Lion_21_4.jpg,lion
lion\Lion_22.jpeg,lion
lion\Lion_22_1.jpg,lion
lion\Lion_22_2.jpg,lion
lion\Lion_22_3.jpg,lion
lion\Lion_23.jpeg,lion
lion\Lion_23_1.jpg,lion
lion\Lion_23_2.jpg,lion
lion\Lion_23_3.jpg,lion
lion\Lion_23_4.jpg,lion
lion\Lion_24.jpg,lion
lion\Lion_24_1.jpg,lion
lion\Lion_24_2.jpg,lion
lion\Lion_24_3.jpg,lion
lion\Lion_24_4.jpg,lion
lion\Lion_25.jpeg,lion
lion\Lion_25_1.jpg,lion
lion\Lion_25_2.jpg,lion
lion\Lion_25_3.jpg,lion
lion\Lion_26.jpeg,lion
lion\Lion_26_1.jpg,lion
lion\Lion_26_2.jpg,lion
lion\Lion_26_3.jpg,lion
lion\Lion_27.jpeg,lion
lion\Lion_27_1.jpg,lion
lion\Lion_27_2.jpg,lion
lion\Lion_27_3.jpg,lion
lion\Lion_28.jpeg,lion
lion\Lion_28_1.jpg,lion
lion\Lion_28_2.jpg,lion
lion\Lion_28_3.jpg,lion
lion\Lion_28_4.jpg,lion
lion\Lion_29.jpeg,lion
lion\Lion_29_1.jpg,lion
lion\Lion_29_2.jpg,lion
lion\Lion_29_3.jpg,lion
lion\Lion_29_4.jpg,lion
lion\Lion_2_1.jpg,lion
lion\Lion_2_2.jpg,lion
lion\Lion_2_3.jpg,lion
lion\Lion_2_4.jpg,lion
lion\Lion_3.jpg,lion
lion\Lion_30.jpeg,lion
lion\Lion_30_1.jpg,lion
lion\Lion_30_2.jpg,lion
lion\Lion_30_3.jpg,lion
lion\Lion_30_4.jpg,lion
lion\Lion_3_1.jpg,lion
lion\Lion_3_2.jpg,lion
lion\Lion_4.jpeg,lion
lion\Lion_4_1.jpg,lion
lion\Lion_4_2.jpg,lion
lion\Lion_4_3.jpg,lion
lion\Lion_4_4.jpg,lion
lion\Lion_5.jpg,lion
lion\Lion_5_1.jpg,lion
lion\Lion_5_2.jpg,lion
lion\Lion_5_3.jpg,lion
lion\Lion_6.jpg,lion
lion\Lion_6_1.jpg,lion
lion\Lion_6_2.jpg,lion
lion\Lion_7.jpg,lion
lion\Lion_7_1.jpg,lion
lion\Lion_7_2.jpg,lion
lion\Lion_7_3.jpg,lion
lion\Lion_8.jpg,lion
lion\Lion_8_1.jpg,lion
lion\Lion_8_2.jpg,lion
lion\Lion_8_3.jpg,lion
lion\Lion_8_4.jpg,lion
lion\Lion_9.jpg,lion
lion\Lion_9_1.jpg,lion
lion\Lion_9_2.jpg,lion
lion\Lion_9_3.jpg,lion
tiger\download (1).jpeg,tiger
tiger\download (10).jpeg,tiger
tiger\download (11).jpeg,tiger
tiger\download (12).jpeg,tiger
tiger\download (13).jpeg,tiger
tiger\download (14).jpeg,tiger
tiger\download (15).jpeg,tiger
tiger\download (16).jpeg,tiger
tiger\download (17).jpeg,tiger
tiger\download (18).jpeg,tiger
tiger\download (19).jpeg,tiger
tiger\download (2).jpeg,tiger
tiger\download (3).jpeg,tiger
tiger\download (4).jpeg,tiger
tiger\download (5).jpeg,tiger
tiger\download (6).jpeg,tiger
tiger\download (7).jpeg,tiger
tiger\download (8).jpeg,tiger
tiger\download (9).jpeg,tiger
tiger\download.jpeg,tiger
tiger\images (1).jpeg,tiger
tiger\images (10).jpeg,tiger
tiger\images (11).jpeg,tiger
tiger\images (12).jpeg,tiger
tiger\images (13).jpeg,tiger
tiger\images (14).jpeg,tiger
tiger\images (15).jpeg,tiger
tiger\images (16).jpeg,tiger
tiger\images (17).jpeg,tiger
tiger\images (18).jpeg,tiger
tiger\images (19).jpeg,tiger
tiger\images (2).jpeg,tiger
tiger\images (20).jpeg,tiger
tiger\images (21).jpeg,tiger
tiger\images (22).jpeg,tiger
tiger\images (23).jpeg,tiger
tiger\images (24).jpeg,tiger
tiger\images (25).jpeg,tiger
tiger\images (26).jpeg,tiger
tiger\images (27).jpeg,tiger
tiger\images (28).jpeg,tiger
tiger\images (29).jpeg,tiger
tiger\images (3).jpeg,tiger
tiger\images (30).jpeg,tiger
tiger\images (31).jpeg,tiger
tiger\images (32).jpeg,tiger
tiger\images (33).jpeg,tiger
tiger\images (34).jpeg,tiger
tiger\images (35).jpeg,tiger
tiger\images (36).jpeg,tiger
tiger\images (37).jpeg,tiger
tiger\images (38).jpeg,tiger
tiger\images (39).jpeg,tiger
tiger\images (4).jpeg,tiger
tiger\images (40).jpeg,tiger
tiger\images (41).jpeg,tiger
tiger\images (42).jpeg,tiger
tiger\images (43).jpeg,tiger
tiger\images (44).jpeg,tiger
tiger\images (45).jpeg,tiger
tiger\images (46).jpeg,tiger
tiger\images (47).jpeg,tiger
tiger\images (48).jpeg,tiger
tiger\images (49).jpeg,tiger
tiger\images (5).jpeg,tiger
tiger\images (50).jpeg,tiger
tiger\images (51).jpeg,tiger
tiger\images (52).jpeg,tiger
tiger\images (53).jpeg,tiger
tiger\images (54).jpeg,tiger
tiger\images (55).jpeg,tiger
tiger\images (56).jpeg,tiger
tiger\images (57).jpeg,tiger
tiger\images (58).jpeg,tiger
tiger\images (59).jpeg,tiger
tiger\images (6).jpeg,tiger
tiger\images (60).jpeg,tiger
tiger\images (61).jpeg,tiger
tiger\images (7).jpeg,tiger
tiger\images (8).jpeg,tiger
tiger\images (9).jpeg,tiger
tiger\images.jpeg,tiger
tiger\images.png,tiger
tiger\Image_1.jpg,tiger
tiger\Image_10.jpg,tiger
tiger\Image_100.jpg,tiger
tiger\Image_101.jpg,tiger
tiger\Image_102.jpg,tiger
tiger\Image_103.jpg,tiger
tiger\Image_104.jpg,tiger
tiger\Image_105.jpg,tiger
tiger\Image_106.jpg,tiger
tiger\Image_107.jpeg,tiger
tiger\Image_108.jpg,tiger
tiger\Image_109.jpeg,tiger
tiger\image_11.jpeg,tiger
tiger\Image_110.jpg,tiger
tiger\Image_111.jpg,tiger
tiger\Image_112.jpg,tiger
tiger\Image_113.jpg,tiger
tiger\Image_114.jpg,tiger
tiger\Image_115.jpg,tiger
tiger\Image_116.jpg,tiger
tiger\Image_117.jpg,tiger
tiger\Image_118.jpg,tiger
tiger\Image_119.jpg,tiger
tiger\Image_12.jpeg,tiger
tiger\Image_120.jpg,tiger
tiger\Image_121.jpg,tiger
tiger\Image_122.jpg,tiger
tiger\Image_123.jpg,tiger
tiger\Image_124.jpg,tiger
tiger\Image_125.jpg,tiger
tiger\Image_126.jpg,tiger
tiger\Image_127.jpg,tiger
tiger\Image_128.jpeg,tiger
tiger\Image_129.jpg,tiger
tiger\image_13.jpeg,tiger
tiger\Image_130.jpg,tiger
tiger\Image_131.jpg,tiger
tiger\Image_132.png,tiger
tiger\Image_133.jpg,tiger
tiger\Image_134.jpg,tiger
tiger\Image_135.png,tiger
tiger\Image_136.jpg,tiger
tiger\Image_137.jpg,tiger
tiger\Image_138.jpg,tiger
tiger\Image_139.jpg,tiger
tiger\Image_140.jpg,tiger
tiger\Image_141.jpg,tiger
tiger\Image_142.jpg,tiger
tiger\Image_143.jpg,tiger
tiger\Image_144.png,tiger
tiger\Image_145.png,tiger
tiger\Image_146.png,tiger
tiger\Image_148.jpg,tiger
tiger\Image_149.jpg,tiger
tiger\image_15.jpeg,tiger
tiger\Image_150.jpg,tiger
tiger\Image_151.jpg,tiger
tiger\Image_152.jpg,tiger
tiger\Image_153.jpg,tiger
tiger\Image_154.jpg,tiger
tiger\Image_155.jpg,tiger
tiger\Image_156.jpg,tiger
tiger\Image_157.jpg,tiger
tiger\Image_16.jpg,tiger
tiger\Image_160.jpg,tiger
tiger\Image_161.jpg,tiger
tiger\image_163.jpeg,tiger
tiger\image_164.jpeg,tiger
tiger\image_165.jpeg,tiger
tiger\image_166.jpeg,tiger
tiger\image_167.jpeg,tiger
tiger\image_168.jpeg,tiger
tiger\image_169.jpeg,tiger
tiger\Image_17.jpg,tiger
tiger\image_170.jpeg,tiger
tiger\image_171.jpeg,tiger
tiger\image_172.jpeg,tiger
tiger\image_173.jpeg,tiger
tiger\image_174.jpeg,tiger
tiger\image_175.jpeg,tiger
tiger\image_176.jpeg,tiger
tiger\image_177.jpeg,tiger
tiger\image_178.jpeg,tiger
tiger\image_179.jpeg,tiger
tiger\image_180.jpeg,tiger
tiger\image_181.jpeg,tiger
tiger\image_182.jpeg,tiger
tiger\image_183.jpeg,tiger
tiger\image_184.jpeg,tiger
tiger\image_185.jpeg,tiger
tiger\image_186.jpeg,tiger
tiger\image_187.jpeg,tiger
tiger\image_188.jpeg,tiger
tiger\image_189.jpeg,tiger
tiger\Image_19.jpg,tiger
tiger\Image_2.jpg,tiger
tiger\image_20.jpeg,tiger
tiger\Image_24.jpg,tiger
tiger\Image_25.jpg,tiger
tiger\Image_26.jpg,tiger
tiger\Image_27.jpg,tiger
tiger\Image_28.jpg,tiger
tiger\Image_29.jpg,tiger
tiger\Image_3.jpg,tiger
tiger\Image_30.jpg,tiger
tiger\Image_31.jpg,tiger
tiger\Image_32.jpg,tiger
tiger\Image_33.jpg,tiger
tiger\Image_34.jpg,tiger
tiger\Image_35.jpg,tiger
tiger\Image_36.jpg,tiger
tiger\Image_37.jpg,tiger
tiger\Image_38.jpg,tiger
tiger\Image_39.jpg,tiger
tiger\Image_4.jpg,tiger
tiger\Image_40.jpg,tiger
tiger\Image_41.jpg,tiger
tiger\Image_42.jpg,tiger
tiger\Image_43.jpg,tiger
tiger\Image_44.jpg,tiger
tiger\Image_45.jpg,tiger
tiger\Image_46.jpg,tiger
tiger\Image_47.jpg,tiger
tiger\Image_48.jpg,tiger
tiger\Image_49.jpg,tiger
tiger\Image_5.jpg,tiger
tiger\Image_50.jpg,tiger
tiger\Image_51.jpg,tiger
tiger\Image_52.jpg,tiger
tiger\Image_53.jpg,tiger
tiger\Image_54.jpg,tiger
tiger\Image_55.jpg,tiger
tiger\Image_56.jpg,tiger
tiger\Image_57.jpg,tiger
tiger\Image_58.jpg,tiger
tiger\Image_59.jpg,tiger
tiger\Image_6.jpeg,tiger
tiger\Image_60.jpg,tiger
tiger\Image_61.jpg,tiger
tiger\Image_62.jpg,tiger
tiger\Image_63.jpg,tiger
tiger\Image_64.jpg,tiger
tiger\Image_65.jpg,tiger
tiger\Image_66.JPG,tiger
tiger\Image_67.jpg,tiger
tiger\Image_68.jpg,tiger
tiger\Image_69.jpg,tiger
tiger\Image_7.jpg,tiger
tiger\Image_70.jpg,tiger
tiger\Image_71.jpg,tiger
tiger\Image_72.jpg,tiger
tiger\Image_73.jpg,tiger
tiger\Image_74.jpg,tiger
tiger\Image_75.jpg,tiger
tiger\Image_76.jpg,tiger
tiger\Image_77.jpg,tiger
tiger\Image_78.jpg,tiger
tiger\Image_79.jpg,tiger
tiger\Image_8.jpg,tiger
tiger\Image_80.jpg,tiger
tiger\Image_81.jpg,tiger
tiger\Image_82.jpg,tiger
tiger\Image_83.jpg,tiger
tiger\Image_84.jpg,tiger
tiger\Image_85.jpg,tiger
tiger\Image_86.jpg,tiger
tiger\Image_87.jpg,tiger
tiger\Image_88.jpg,tiger
tiger\Image_89.jpg,tiger
tiger\Image_9.jpg,tiger
tiger\Image_90.jpg,tiger
tiger\Image_91.jpg,tiger
tiger\Image_92.jpg,tiger
tiger\Image_93.jpg,tiger
tiger\Image_94.jpg,tiger
tiger\Image_95.jpg,tiger
tiger\Image_96.jpg,tiger
tiger\Image_97.jpg,tiger
tiger\Image_98.jpg,tiger
tiger\Image_99.jpg,tiger
tiger\img.jpeg,tiger
tiger\Tiger_5_3.jpg,tiger
zebra\clipboard.png,zebra
zebra\download (5)(1).jpeg,zebra
zebra\download (5).jpeg,zebra
zebra\download (6).jpeg,zebra
zebra\images (1).jpeg,zebra
zebra\images (10).jpeg,zebra
zebra\images (11).jpeg,zebra
zebra\images (12).jpeg,zebra
zebra\images (13).jpeg,zebra
zebra\images (14).jpeg,zebra
zebra\images (15).jpeg,zebra
zebra\images (16).jpeg,zebra
zebra\images (17).jpeg,zebra
zebra\images (18).jpeg,zebra
zebra\images (19).jpeg,zebra
zebra\images (2).jpeg,zebra
zebra\images (20).jpeg,zebra
zebra\images (21).jpeg,zebra
zebra\images (22).jpeg,zebra
zebra\images (23).jpeg,zebra
zebra\images (3).jpeg,zebra
zebra\images (4).jpeg,zebra
zebra\images (5).jpeg,zebra
zebra\images (6).jpeg,zebra
zebra\images (7).jpeg,zebra
zebra\images (8).jpeg,zebra
zebra\images (9).jpeg,zebra
zebra\images.jpeg,zebra
zebra\Image_1.jpg,zebra
zebra\Image_10.jpeg,zebra
zebra\Image_100.jpg,zebra
zebra\Image_101.jpg,zebra
zebra\Image_102.jpg,zebra
zebra\Image_103.jpg,zebra
zebra\Image_104.jpg,zebra
zebra\Image_105.jpg,zebra
zebra\Image_106.jpg,zebra
zebra\Image_107.jpg,zebra
zebra\Image_108.jpg,zebra
zebra\Image_109.jpg,zebra
zebra\Image_110.jpg,zebra
zebra\Image_111.jpg,zebra
zebra\Image_112.jpg,zebra
zebra\Image_113.jpg,zebra
zebra\Image_114.jpg,zebra
zebra\Image_115.jpg,zebra
zebra\Image_116.jpg,zebra
zebra\Image_117.jpg,zebra
zebra\Image_119.jpg,zebra
zebra\Image_120.jpg,zebra
zebra\Image_121.jpg,zebra
zebra\Image_122.JPG,zebra
zebra\Image_123.jpg,zebra
zebra\Image_125.jpg,zebra
zebra\Image_126.jpg,zebra
zebra\Image_128.jpeg,zebra
zebra\Image_129.jpg,zebra
zebra\Image_131.jpg,zebra
zebra\Image_132.jpg,zebra
zebra\Image_133.jpg,zebra
zebra\Image_135.jpg,zebra
zebra\Image_137.jpg,zebra
zebra\Image_138.jpg,zebra
zebra\Image_140.jpeg,zebra
zebra\Image_141.jpg,zebra
zebra\Image_142.jpg,zebra
zebra\Image_143.jpg,zebra
zebra\Image_144.jpg,zebra
zebra\Image_147.jpg,zebra
zebra\Image_156.jpg,zebra
zebra\Image_2.jpg,zebra
zebra\Image_3.jpg,zebra
zebra\Image_4.jpg,zebra
zebra\Image_5.jpg,zebra
zebra\Image_52.jpg,zebra
zebra\Image_53.jpg,zebra
zebra\Image_56.jpg,zebra
zebra\Image_6.jpg,zebra
zebra\Image_60.jpg,zebra
zebra\Image_61.jpg,zebra
zebra\Image_63.jpg,zebra
zebra\Image_66.jpg,zebra
zebra\Image_67.jpg,zebra
zebra\Image_68.jpg,zebra
zebra\Image_69.jpg,zebra
zebra\Image_7.jpg,zebra
zebra\Image_70.jpg,zebra
zebra\Image_71.jpg,zebra
zebra\Image_72.jpg,zebra
zebra\Image_73.jpg,zebra
zebra\Image_74.jpg,zebra
zebra\Image_75.jpg,zebra
zebra\Image_76.jpg,zebra
zebra\Image_77.jpg,zebra
zebra\Image_78.jpg,zebra
zebra\Image_79.png,zebra
zebra\Image_8.jpg,zebra
zebra\Image_80.jpg,zebra
zebra\Image_81.jpg,zebra
zebra\Image_83.png,zebra
zebra\Image_84.jpg,zebra
zebra\Image_85.jpg,zebra
zebra\Image_86.jpg,zebra
zebra\Image_87.jpg,zebra
zebra\Image_88.jpg,zebra
zebra\Image_89.jpg,zebra
zebra\Image_9.jpg,zebra
zebra\Image_91.jpg,zebra
zebra\Image_92.jpg,zebra
zebra\Image_93.jpg,zebra
zebra\Image_95.jpg,zebra
zebra\Image_96.jpg,zebra
zebra\Image_99.jpg,zebra
zebra\Zebra_1.jpg,zebra
zebra\Zebra_10.jpg,zebra
zebra\Zebra_10_1.jpg,zebra
zebra\Zebra_10_2.jpg,zebra
zebra\Zebra_10_3.jpg,zebra
zebra\Zebra_10_4.jpg,zebra
zebra\Zebra_11.jpeg,zebra
zebra\Zebra_11_1.jpg,zebra
zebra\Zebra_11_2.jpg,zebra
zebra\Zebra_11_3.jpg,zebra
zebra\Zebra_12.jpg,zebra
zebra\Zebra_12_1.jpg,zebra
zebra\Zebra_12_2.jpg,zebra
zebra\Zebra_12_3.jpg,zebra
zebra\Zebra_13.jpg,zebra
zebra\Zebra_13_1.jpg,zebra
zebra\Zebra_13_2.jpg,zebra
zebra\Zebra_13_3.jpg,zebra
zebra\Zebra_13_4.jpg,zebra
zebra\Zebra_14.jpeg,zebra
zebra\Zebra_14_1.jpg,zebra
zebra\Zebra_14_2.jpg,zebra
zebra\Zebra_14_3.jpg,zebra
zebra\Zebra_14_4.jpg,zebra
zebra\Zebra_15.jpeg,zebra
zebra\Zebra_15_1.jpg,zebra
zebra\Zebra_15_2.jpg,zebra
zebra\Zebra_15_3.jpg,zebra
zebra\Zebra_15_4.jpg,zebra
zebra\Zebra_16.jpeg,zebra
zebra\Zebra_16_1.jpg,zebra
zebra\Zebra_16_2.jpg,zebra
zebra\Zebra_16_3.jpg,zebra
zebra\Zebra_17.jpeg,zebra
zebra\Zebra_17_1.jpg,zebra
zebra\Zebra_17_2.jpg,zebra
zebra\Zebra_17_3.jpg,zebra
zebra\Zebra_18.jpeg,zebra
zebra\Zebra_18_1.jpg,zebra
zebra\Zebra_18_2.jpg,zebra
zebra\Zebra_18_3.jpg,zebra
zebra\Zebra_18_4.jpg,zebra
zebra\Zebra_19.jpeg,zebra
zebra\Zebra_19_1.jpg,zebra
zebra\Zebra_19_2.jpg,zebra
zebra\Zebra_19_3.jpg,zebra
zebra\Zebra_1_1.jpg,zebra
zebra\Zebra_1_2.jpg,zebra
zebra\Zebra_1_3.jpg,zebra
zebra\Zebra_1_4.jpg,zebra
zebra\Zebra_2.jpeg,zebra
zebra\Zebra_20.jpeg,zebra
zebra\Zebra_20_1.jpg,zebra
zebra\Zebra_20_2.jpg,zebra
zebra\Zebra_20_3.jpg,zebra
zebra\Zebra_20_4.jpg,zebra
zebra\Zebra_21.jpg,zebra
zebra\Zebra_21_1.jpg,zebra
zebra\Zebra_21_2.jpg,zebra
zebra\Zebra_21_3.jpg,zebra
zebra\Zebra_21_4.jpg,zebra
zebra\Zebra_22.jpeg,zebra
zebra\Zebra_22_1.jpg,zebra
zebra\Zebra_22_2.jpg,zebra
zebra\Zebra_22_3.jpg,zebra
zebra\Zebra_22_4.jpg,zebra
zebra\Zebra_23.jpeg,zebra
zebra\Zebra_23_1.jpg,zebra
zebra\Zebra_23_2.jpg,zebra
zebra\Zebra_23_3.jpg,zebra
zebra\Zebra_23_4.jpg,zebra
zebra\Zebra_24.jpeg,zebra
zebra\Zebra_24_1.jpg,zebra
zebra\Zebra_24_2.jpg,zebra
zebra\Zebra_24_3.jpg,zebra
zebra\Zebra_25.jpeg,zebra
zebra\Zebra_25_1.jpg,zebra
zebra\Zebra_25_2.jpg,zebra
zebra\Zebra_25_3.jpg,zebra
zebra\Zebra_26.jpeg,zebra
zebra\Zebra_26_1.jpg,zebra
zebra\Zebra_26_2.jpg,zebra
zebra\Zebra_26_3.jpg,zebra
zebra\Zebra_26_4.jpg,zebra
zebra\Zebra_27.jpeg,zebra
zebra\Zebra_27_1.jpg,zebra
zebra\Zebra_27_2.jpg,zebra
zebra\Zebra_27_3.jpg,zebra
zebra\Zebra_28.jpeg,zebra
zebra\Zebra_28_1.jpg,zebra
zebra\Zebra_28_2.jpg,zebra
zebra\Zebra_28_3.jpg,zebra
zebra\Zebra_28_4.jpg,zebra
zebra\Zebra_29.jpeg,zebra
zebra\Zebra_29_1.jpg,zebra
zebra\Zebra_29_2.jpg,zebra
zebra\Zebra_29_3.jpg,zebra
zebra\Zebra_2_1.jpg,zebra
zebra\Zebra_2_2.jpg,zebra
zebra\Zebra_2_3.jpg,zebra
zebra\Zebra_3.jpeg,zebra
zebra\Zebra_30.jpg,zebra
zebra\Zebra_30_1.jpg,zebra
zebra\Zebra_30_2.jpg,zebra
zebra\Zebra_30_3.jpg,zebra
zebra\Zebra_3_1.jpg,zebra
zebra\Zebra_3_2.jpg,zebra
zebra\Zebra_3_3.jpg,zebra
zebra\Zebra_4.jpeg,zebra
zebra\Zebra_4_1.jpg,zebra
zebra\Zebra_4_2.jpg,zebra
zebra\Zebra_4_3.jpg,zebra
zebra\Zebra_4_4.jpg,zebra
zebra\Zebra_5.jpg,zebra
zebra\Zebra_5_1.jpg,zebra
zebra\Zebra_5_2.jpg,zebra
zebra\Zebra_5_3.jpg,zebra
zebra\Zebra_5_4.jpg,zebra
zebra\Zebra_6.jpg,zebra
zebra\Zebra_6_1.jpg,zebra
zebra\Zebra_6_2.jpg,zebra
zebra\Zebra_6_3.jpg,zebra
zebra\Zebra_6_4.jpg,zebra
zebra\Zebra_7.jpg,zebra
zebra\Zebra_7_1.jpg,zebra
zebra\Zebra_7_2.jpg,zebra
zebra\Zebra_7_3.jpg,zebra
zebra\Zebra_8.jpeg,zebra
zebra\Zebra_8_1.jpg,zebra
zebra\Zebra_8_2.jpg,zebra
zebra\Zebra_8_3.jpg,zebra
zebra\Zebra_8_4.jpg,zebra
zebra\Zebra_9.jpeg,zebra
zebra\Zebra_9_1.jpg,zebra
zebra\Zebra_9_2.jpg,zebra
zebra\Zebra_9_3.jpg,zebra
zebra\Zebra_9_4.jpg,zebra
